latitude,longitude
42.3659381,-71.0632925
42.3659381,-71.0632925
42.351826,-71.0699
42.351826,-71.0699
42.3338421,-71.1033411
42.3338421,-71.1033411
42.34464,-71.06991
42.34464,-71.06991
42.32428,-71.07546
42.3501146,-71.0440208
42.3501146,-71.0440208
42.3501146,-71.0440208
42.3501146,-71.0440208
42.351467,-71.0602091
42.3494887,-71.1637046
42.3494887,-71.1637046
42.3484939,-71.0958084
42.3484939,-71.0958084
42.3517604,-71.0473618
42.379474,-71.063295
42.38317,-71.05003
42.379474,-71.063295
42.3645399,-71.0218174
42.33508,-71.05729
42.35692,-71.06965
42.35692,-71.06965
42.35692,-71.06965
42.35692,-71.06965
42.3145933,-71.1038156
42.3145933,-71.1038156
42.3145933,-71.1038156
42.3145933,-71.1038156
42.3145933,-71.1038156
42.3145933,-71.1038156
42.3145933,-71.1038156
42.3145933,-71.1038156
42.3145933,-71.1038156
42.3145933,-71.1038156
N/A,N/A
N/A,N/A
42.346519,-71.0953337
42.346519,-71.0953337
42.346519,-71.0953337
42.346519,-71.0953337
42.346519,-71.0953337
42.346519,-71.0953337
42.346519,-71.0953337
42.346519,-71.0953337
42.346519,-71.0953337
42.35164,-71.06159
42.3471636,-71.0990812
42.3548637,-71.0618435
42.3548637,-71.0618435
42.344699,-71.071387
42.344699,-71.071387
42.344699,-71.071387
42.344699,-71.071387
42.344699,-71.071387
42.344699,-71.071387
42.344699,-71.071387
42.344699,-71.071387
42.344699,-71.071387
42.344699,-71.071387
42.344699,-71.071387
42.3650548,-71.0614098
42.3650548,-71.0614098
42.3449604,-71.0376773
42.3449604,-71.0376773
42.3449604,-71.0376773
42.35108,-71.06004
42.35108,-71.06004
42.34347,-71.06347
42.34347,-71.06347
42.34347,-71.06347
42.29584,-71.08368
42.29584,-71.08368
42.29584,-71.08368
42.29584,-71.08368
42.29584,-71.08368
42.29584,-71.08368
42.29584,-71.08368
42.29584,-71.08368
42.29584,-71.08368
42.359113,-71.0600907
42.359113,-71.0600907
42.359113,-71.0600907
42.359113,-71.0600907
42.359113,-71.0600907
42.359113,-71.0600907
42.359113,-71.0600907
42.359113,-71.0600907
42.359113,-71.0600907
42.30053,-71.112809
42.30053,-71.112809
42.30053,-71.112809
42.30053,-71.112809
42.3429035,-71.0536448
42.3429035,-71.0536448
42.3429035,-71.0536448
42.3429035,-71.0536448
42.3429035,-71.0536448
42.3429035,-71.0536448
42.35199,-71.11969
42.3429035,-71.0536448
42.3429035,-71.0536448
42.3429035,-71.0536448
42.35199,-71.11969
42.3373004,-71.0563445
42.3373004,-71.0563445
42.3373004,-71.0563445
42.3373004,-71.0563445
42.2991839,-71.0581807
42.2991839,-71.0581807
42.2991839,-71.0581807
42.28595,-71.15582
42.28595,-71.15582
42.28595,-71.15582
42.28595,-71.15582
42.3542275,-71.0456218
42.3542275,-71.0456218
42.3542275,-71.0456218
42.3542275,-71.0456218
42.3542275,-71.0456218
42.36432,-71.05135
42.36432,-71.05135
42.36432,-71.05135
42.36432,-71.05135
42.31686,-71.11327
42.3531166,-71.1313816
42.3531166,-71.1313816
42.31686,-71.11327
42.3484939,-71.0958084
42.3320345,-71.0527579
42.3320345,-71.0527579
42.3389873,-71.1076943
42.3609306,-71.0684862
42.34881,-71.09936
42.34881,-71.09936
42.3796265,-71.0269287
42.3796265,-71.0269287
42.3490959,-71.0835404
42.3461225,-71.0455997
42.3461225,-71.0455997
42.3461225,-71.0455997
42.3461225,-71.0455997
42.3461225,-71.0455997
42.3461225,-71.0455997
42.3461225,-71.0455997
42.3461225,-71.0455997
42.3461225,-71.0455997
42.3461225,-71.0455997
42.3461225,-71.0455997
42.3461225,-71.0455997
42.3461225,-71.0455997
42.3461225,-71.0455997
42.3461225,-71.0455997
42.3461225,-71.0455997
42.3461225,-71.0455997
42.3461225,-71.0455997
42.3461225,-71.0455997
42.3461225,-71.0455997
42.3461225,-71.0455997
42.3461225,-71.0455997
42.3461225,-71.0455997
42.3461225,-71.0455997
42.3461225,-71.0455997
42.3461225,-71.0455997
42.3461225,-71.0455997
42.3461225,-71.0455997
42.2861781,-71.1280426
42.2861781,-71.1280426
42.3492416,-71.0844487
42.3492416,-71.0844487
N/A,N/A
N/A,N/A
N/A,N/A
N/A,N/A
N/A,N/A
42.32709,-71.06764
42.32709,-71.06764
42.25459,-71.12019
42.25459,-71.12019
42.25459,-71.12019
42.34594,-71.0709
42.34594,-71.0709
42.3511522,-71.0453487
42.356433,-71.1447537
42.356433,-71.1447537
42.356433,-71.1447537
42.34843,-71.08442
42.34843,-71.08442
42.337071,-71.076601
42.3299358,-71.0567618
42.337071,-71.076601
42.35064,-71.07645
42.35305,-71.13417
42.35305,-71.13417
42.35305,-71.13417
42.35305,-71.13417
42.35305,-71.13417
42.35305,-71.13417
42.35305,-71.13417
42.35305,-71.13417
42.35305,-71.13417
42.3564948,-71.1448963
42.3564948,-71.1448963
42.3564948,-71.1448963
42.3564948,-71.1448963
42.3564948,-71.1448963
42.3564948,-71.1448963
42.3564948,-71.1448963
42.3564948,-71.1448963
42.3564948,-71.1448963
42.3564948,-71.1448963
42.3564948,-71.1448963
42.3564948,-71.1448963
42.3564948,-71.1448963
42.3564948,-71.1448963
42.37369,-71.038873
42.37369,-71.038873
42.3739581,-71.0627509
42.3739581,-71.0627509
42.36102,-71.06319
42.36102,-71.06319
42.36102,-71.06319
42.36102,-71.06319
42.36102,-71.06319
42.36102,-71.06319
42.3527612,-71.1317906
42.3527612,-71.1317906
42.3527612,-71.1317906
42.3527612,-71.1317906
42.3527612,-71.1317906
42.3527612,-71.1317906
42.3527612,-71.1317906
42.3527612,-71.1317906
42.348701,-71.081632
42.35276,-71.13185
42.35276,-71.13185
42.38589,-71.00835
42.3689779,-71.0392087
42.3312513,-71.0412811
42.3312513,-71.0412811
42.3312513,-71.0412811
42.3312513,-71.0412811
42.3425747,-71.0972793
42.3435925,-71.0446669
42.3435925,-71.0446669
42.36338,-71.0526
42.36338,-71.0526
42.3544654,-71.0552987
42.3544654,-71.0552987
42.3544654,-71.0552987
42.3544654,-71.0552987
42.3544654,-71.0552987
42.353,-71.06405
42.35092,-71.07668
42.353,-71.06405
42.353,-71.06405
42.3872394,-71.016559
42.3872394,-71.016559
42.3872394,-71.016559
42.3801974,-71.0722733
42.3801974,-71.0722733
42.3801974,-71.0722733
42.3801974,-71.0722733
42.35806,-71.06972
42.35806,-71.06972
42.3631966,-71.0562794
42.3631966,-71.0562794
42.36405,-71.05368
42.34051,-71.052852
42.3225607,-71.1082688
42.3225607,-71.1082688
42.350431,-71.1686209
42.3574724,-71.0555973
42.3619686,-71.1449578
42.3619686,-71.1449578
42.3619686,-71.1449578
42.3619686,-71.1449578
42.3574724,-71.0555973
42.3574724,-71.0555973
42.3513773,-71.0654816
42.3513773,-71.0654816
42.3642277,-71.0325498
42.3642277,-71.0325498
42.3642277,-71.0325498
42.34995,-71.05033
42.34995,-71.05033
42.34995,-71.05033
42.34995,-71.05033
42.34995,-71.05033
42.3563133,-71.0607365
42.3563133,-71.0607365
N/A,N/A
42.33687,-71.05605
42.33687,-71.05605
42.33687,-71.05605
42.33687,-71.05605
42.33687,-71.05605
42.33687,-71.05605
42.33687,-71.05605
42.33687,-71.05605
42.33687,-71.05605
42.33687,-71.05605
42.3472482,-71.0788696
42.3472482,-71.0788696
42.3472482,-71.0788696
42.34144,-71.06673
42.3088,-71.0833383
42.3088,-71.0833383
42.3088,-71.0833383
42.32779,-71.07492
42.34144,-71.06673
42.34144,-71.06673
42.32779,-71.07492
42.32779,-71.07492
42.32779,-71.07492
42.32779,-71.07492
42.32779,-71.07492
42.32779,-71.07492
42.32779,-71.07492
42.32779,-71.07492
42.32779,-71.07492
42.32779,-71.07492
42.32779,-71.07492
42.32779,-71.07492
42.3470714,-71.0427243
42.3470714,-71.0427243
42.3470714,-71.0427243
42.3470714,-71.0427243
42.3470714,-71.0427243
42.3470714,-71.0427243
42.3470714,-71.0427243
42.3470714,-71.0427243
42.3470714,-71.0427243
42.3470714,-71.0427243
42.3470714,-71.0427243
42.3474305,-71.0774359
42.3533785,-71.0619794
42.3533785,-71.0619794
42.3474305,-71.0774359
N/A,N/A
42.3594172,-71.0511296
42.3594172,-71.0511296
N/A,N/A
42.3634087,-71.0256988
42.3634087,-71.0256988
42.3699042,-71.0194393
42.3699042,-71.0194393
N/A,N/A
N/A,N/A
N/A,N/A
N/A,N/A
42.3486365,-71.0377903
42.3486365,-71.0377903
42.3486365,-71.0377903
42.3486365,-71.0377903
42.34855,-71.07731
42.352636,-71.131291
42.352636,-71.131291
42.3608054,-71.0567864
42.3608054,-71.0567864
42.36466,-71.06143
42.3488299,-71.1512651
42.3488299,-71.1512651
42.3488299,-71.1512651
42.3488299,-71.1512651
42.3488299,-71.1512651
42.3488299,-71.1512651
42.3488299,-71.1512651
42.3488299,-71.1512651
42.35933,-71.05462
42.35933,-71.05462
42.3443511,-71.037681
42.3443511,-71.037681
42.3443511,-71.037681
42.3443511,-71.037681
42.3216552,-71.1103842
42.3216552,-71.1103842
42.3216552,-71.1103842
42.3253825,-71.062759
42.3253825,-71.062759
42.34081,-71.06744
42.34081,-71.06744
42.3469381,-71.0816893
42.3469381,-71.0816893
42.3870915,-71.0075801
42.3870915,-71.0075801
42.3645399,-71.0218174
42.3645399,-71.0218174
42.35087,-71.07863
42.35087,-71.07863
42.3401096,-71.0680531
42.3479441,-71.0410517
42.3479441,-71.0410517
42.3532155,-71.04541
42.3507079,-71.0699218
42.3507079,-71.0699218
42.3532155,-71.04541
42.3532155,-71.04541
42.3525749,-71.0421479
42.3525749,-71.0421479
42.3492828,-71.0706516
42.3492828,-71.0706516
42.35051,-71.16563
42.3476423,-71.0367795
42.3476423,-71.0367795
42.3476423,-71.0367795
42.3476423,-71.0367795
42.3400479,-71.0888916
N/A,N/A
N/A,N/A
42.3608885,-71.0567831
42.3608885,-71.0567831
42.3608885,-71.0567831
42.2856869,-71.1291797
42.2856869,-71.1291797
42.35184,-71.1243301
42.35184,-71.1243301
42.28323,-71.05596
42.28323,-71.05596
42.3532004,-71.1318398
42.3752704,-71.0544745
42.3752704,-71.0544745
42.3592596,-71.0589005
42.3592596,-71.0589005
42.3484985,-71.0962908
42.3484985,-71.0962908
42.3484985,-71.0962908
42.3484985,-71.0962908
42.3499131,-71.0694512
42.29912,-71.06032
42.29912,-71.06032
42.355913,-71.061959
42.355913,-71.061959
42.355913,-71.061959
42.35081,-71.07581
42.35081,-71.07581
42.3626773,-71.018635
42.3626773,-71.018635
42.345268,-71.096381
42.345268,-71.096381
42.345268,-71.096381
42.345268,-71.096381
42.345268,-71.096381
42.311633,-71.053318
42.311633,-71.053318
42.311633,-71.053318
42.38594,-71.00511
42.38594,-71.00511
N/A,N/A
N/A,N/A
42.3507431,-71.0612836
42.3513773,-71.0654816
42.3444827,-71.0438809
42.348681,-71.084102
42.3423841,-71.0567472
42.3423841,-71.0567472
42.3525749,-71.0421479
42.3525749,-71.0421479
42.3525749,-71.0421479
42.3509601,-71.0647751
42.3509601,-71.0647751
42.3509601,-71.0647751
42.3509601,-71.0647751
42.3538905,-71.0626645
42.3538905,-71.0626645
42.3517222,-71.046211
42.3517222,-71.046211
42.35927,-71.05643
42.35927,-71.05643
42.35927,-71.05643
42.35927,-71.05643
42.325375,-71.0615522
42.325375,-71.0615522
42.348617,-71.085334
42.3511128,-71.0627967
42.3516414,-71.0774514
42.3516414,-71.0774514
42.3516414,-71.0774514
42.3516414,-71.0774514
42.36466,-71.05536
42.36466,-71.05536
42.37218,-71.0364
42.3477083,-71.1058215
42.363393,-71.055805
42.363393,-71.055805
42.3626773,-71.018635
N/A,N/A
N/A,N/A
42.33538,-71.03969
42.361791,-71.056749
42.361791,-71.056749
42.361791,-71.056749
42.3576081,-71.0583832
42.3576081,-71.0583832
42.3576081,-71.0583832
42.2530385,-71.1250964
42.2530385,-71.1250964
42.34205,-71.08639
42.34205,-71.08639
N/A,N/A
N/A,N/A
42.3457472,-71.0867291
42.3457472,-71.0867291
N/A,N/A
42.3531087,-71.0472198
42.3531087,-71.0472198
42.3531087,-71.0472198
42.3531087,-71.0472198
42.35091,-71.07152
42.35091,-71.07152
42.35091,-71.07152
42.3531087,-71.0472198
42.3531087,-71.0472198
42.3531087,-71.0472198
42.3531087,-71.0472198
42.360208,-71.0507626
42.360208,-71.0507626
42.3340692,-71.1055292
42.3340692,-71.1055292
42.3340692,-71.1055292
42.3317534,-71.0986793
42.3317534,-71.0986793
42.3317534,-71.0986793
42.3317534,-71.0986793
42.3317534,-71.0986793
42.284619,-71.0457616
42.284619,-71.0457616
42.3118,-71.11453
42.3118,-71.11453
42.3543134,-71.0445871
42.2907,-71.06272
42.3543134,-71.0445871
42.3543134,-71.0445871
42.3645576,-71.0534391
42.3645576,-71.0534391
42.3645576,-71.0534391
42.3253761,-71.0628245
42.25547,-71.12393
42.25547,-71.12393
42.3501674,-71.0795884
42.3501674,-71.0795884
42.33542,-71.03786
42.3445415,-71.1027656
42.3445415,-71.1027656
42.3557428,-71.1479021
42.3557428,-71.1479021
42.2868713,-71.1302773
42.2868713,-71.1302773
42.2868713,-71.1302773
42.36486,-71.06185
42.36486,-71.06185
42.36486,-71.06185
42.36486,-71.06185
42.36486,-71.06185
42.36486,-71.06185
42.36486,-71.06185
42.3510288,-71.0604305
42.3699042,-71.0194476
42.379899,-71.026814
42.379899,-71.026814
42.379899,-71.026814
42.379899,-71.026814
42.379899,-71.026814
42.379899,-71.026814
42.379899,-71.026814
42.34491,-71.08179
42.34491,-71.08179
42.3656457,-71.0616551
42.3656457,-71.0616551
42.3656457,-71.0616551
42.3656457,-71.0616551
42.3656457,-71.0616551
42.3656457,-71.0616551
42.33513,-71.04595
42.33513,-71.04595
42.33513,-71.04595
42.33513,-71.04595
42.33513,-71.04595
42.33513,-71.04595
42.33513,-71.04595
N/A,N/A
N/A,N/A
42.35405,-71.05822
42.35405,-71.05822
42.371665,-71.042087
42.371665,-71.042087
42.371665,-71.042087
N/A,N/A
N/A,N/A
42.37299,-71.036155
42.37299,-71.036155
42.37299,-71.036155
42.37299,-71.036155
42.37299,-71.036155
42.37299,-71.036155
42.37299,-71.036155
42.3430269,-71.0570299
42.3430269,-71.0570299
42.3430269,-71.0570299
42.3626773,-71.018635
42.3626773,-71.018635
42.3699042,-71.0194393
42.3699042,-71.0194393
42.3575081,-71.0558484
42.3575081,-71.0558484
42.3575081,-71.0558484
42.3575081,-71.0558484
42.3575081,-71.0558484
42.3575081,-71.0558484
42.3575081,-71.0558484
42.3499406,-71.0474108
42.3499406,-71.0474108
42.3656457,-71.0616551
42.3656457,-71.0616551
42.3372384,-71.0836153
42.3372384,-71.0836153
42.3372384,-71.0836153
42.3372384,-71.0836153
42.3372384,-71.0836153
42.3372384,-71.0836153
42.3372384,-71.0836153
42.3372384,-71.0836153
42.349476,-71.095528
42.349476,-71.095528
42.349476,-71.095528
42.349476,-71.095528
42.349476,-71.095528
42.349476,-71.095528
42.32555,-71.07051
42.3431544,-71.1017783
42.3431544,-71.1017783
42.3522846,-71.0591208
42.3522846,-71.0591208
42.3257238,-71.0622262
42.3257238,-71.0622262
N/A,N/A
42.39443,-71.00029
42.39443,-71.00029
42.39443,-71.00029
42.39443,-71.00029
42.39443,-71.00029
42.39443,-71.00029
42.39443,-71.00029
42.352008,-71.042559
42.275785,-71.114144
42.275785,-71.114144
42.343679,-71.072625
42.343679,-71.072625
42.292116,-71.041027
N/A,N/A
N/A,N/A
42.292116,-71.041027
42.254144,-71.124084
42.292116,-71.041027
42.292116,-71.041027
N/A,N/A
42.3457736,-71.0840459
42.3457736,-71.0840459
42.3542833,-71.0586935
42.35161,-71.07284
42.3542275,-71.0456218
42.3542275,-71.0456218
42.3444627,-71.1028961
42.3444627,-71.1028961
42.3444627,-71.1028961
42.3444627,-71.1028961
42.3444627,-71.1028961
42.3444627,-71.1028961
42.3444627,-71.1028961
42.339341,-71.0806546
42.339341,-71.0806546
42.3215423,-71.0565899
42.3577103,-71.054141
42.3577103,-71.054141
42.3577103,-71.054141
42.3577103,-71.054141
42.3577103,-71.054141
42.3577103,-71.054141
42.3577103,-71.054141
42.3577103,-71.054141
42.3577103,-71.054141
42.34231,-71.06738
N/A,N/A
N/A,N/A
42.3530885,-71.1311598
42.3427266,-71.0565191
42.3529018,-71.1328405
42.3529018,-71.1328405
42.3457537,-71.0840115
42.3457537,-71.0840115
42.3457537,-71.0840115
42.3457537,-71.0840115
42.3457537,-71.0840115
42.3457537,-71.0840115
42.3457537,-71.0840115
42.3457537,-71.0840115
42.350728,-71.1309701
42.34716,-71.08251
42.3368894,-71.1515045
42.3368894,-71.1515045
42.34716,-71.08251
42.34716,-71.08251
42.3508,-71.06052
42.3524227,-71.1289291
42.3524227,-71.1289291
42.3508,-71.06052
42.3508,-71.06052
42.3433284,-71.1426503
42.3658172,-71.0594413
42.3658172,-71.0594413
42.3658172,-71.0594413
42.367093,-71.0360116
42.367093,-71.0360116
42.367093,-71.0360116
42.367093,-71.0360116
42.367093,-71.0360116
42.3406735,-71.1517305
42.3406735,-71.1517305
42.3763001,-71.0389595
42.3763001,-71.0389595
N/A,N/A
42.3645399,-71.0218174
42.3645399,-71.0218174
42.32725,-71.05944
42.32725,-71.05944
42.32725,-71.05944
42.36725,-71.05941
42.36725,-71.05941
42.3447972,-71.070981
42.36503,-71.05348
42.36503,-71.05348
42.36503,-71.05348
42.36503,-71.05348
42.3634087,-71.0256988
42.2867751,-71.1305266
42.2867751,-71.1305266
42.2867751,-71.1305266
42.2867751,-71.1305266
42.2867751,-71.1305266
42.2867751,-71.1305266
42.2867751,-71.1305266
42.2867751,-71.1305266
42.340294,-71.166405
42.340294,-71.166405
42.2867751,-71.1305266
42.3583413,-71.057107
42.3583413,-71.057107
42.29505,-71.04695
42.2926884,-71.0472018
42.2926884,-71.0472018
42.29505,-71.04695
42.33942,-71.05141
42.33942,-71.05141
42.360446,-71.070581
42.360446,-71.070581
42.351501,-71.0644862
42.351501,-71.0644862
42.351501,-71.0644862
42.351501,-71.0644862
42.351501,-71.0644862
42.3651415,-71.0610971
42.3651415,-71.0610971
42.3651415,-71.0610971
42.3651415,-71.0610971
42.360446,-71.070581
42.360446,-71.070581
42.360446,-71.070581
42.360446,-71.070581
42.360446,-71.070581
42.360446,-71.070581
42.360446,-71.070581
42.3661612,-71.0526407
42.3661612,-71.0526407
42.34989,-71.08208
42.34989,-71.08208
42.34989,-71.08208
42.34989,-71.08208
42.3336268,-71.0814491
42.3336268,-71.0814491
42.3578773,-71.0706145
42.34728,-71.07082
42.34728,-71.07082
42.34728,-71.07082
42.34728,-71.07082
42.34728,-71.07082
42.34728,-71.07082
42.34728,-71.07082
42.3432,-71.08656
42.3432,-71.08656
42.3432,-71.08656
42.3609785,-71.0646682
42.3609785,-71.0646682
42.3368679,-71.0487203
42.2864802,-71.1290084
42.2864802,-71.1290084
42.36666,-71.01643
42.3699042,-71.0194476
42.36486,-71.06185
42.36486,-71.06185
42.3252626,-71.0616638
42.3252626,-71.0616638
42.3252626,-71.0616638
42.3490493,-71.0761724
42.3490493,-71.0761724
42.3490493,-71.0761724
42.3490493,-71.0761724
42.3490493,-71.0761724
42.3490493,-71.0761724
42.3490493,-71.0761724
42.3490493,-71.0761724
42.3490493,-71.0761724
42.3490493,-71.0761724
N/A,N/A
N/A,N/A
N/A,N/A
N/A,N/A
N/A,N/A
N/A,N/A
N/A,N/A
42.3263993,-71.0605131
42.3263993,-71.0605131
42.3263993,-71.0605131
42.3490493,-71.0761724
42.3490493,-71.0761724
42.311379,-71.1146695
42.311379,-71.1146695
42.3634845,-71.0538473
42.351346,-71.064584
42.351346,-71.064584
42.351346,-71.064584
42.351346,-71.064584
42.351346,-71.064584
42.351346,-71.064584
42.351346,-71.064584
42.3448854,-71.0642243
42.3509142,-71.047406
42.3509142,-71.047406
42.3561748,-71.1428143
N/A,N/A
N/A,N/A
42.3634087,-71.0256988
42.3634087,-71.0256988
42.37825,-71.02954
42.3507438,-71.1090381
42.3507438,-71.1090381
42.3507438,-71.1090381
42.3507438,-71.1090381
42.3507438,-71.1090381
42.3507438,-71.1090381
42.3507438,-71.1090381
42.3507438,-71.1090381
42.3507438,-71.1090381
42.3507438,-71.1090381
42.3507438,-71.1090381
42.3507438,-71.1090381
42.3507438,-71.1090381
42.3507438,-71.1090381
42.35072,-71.07921
42.3511365,-71.063135
42.3351058,-71.1505438
42.3351058,-71.1505438
42.35283,-71.0716
42.35283,-71.0716
42.35283,-71.0716
42.35283,-71.0716
42.35283,-71.0716
42.35283,-71.0716
42.35283,-71.0716
42.36558,-71.05272
42.36558,-71.05272
42.36558,-71.05272
42.36558,-71.05272
42.33642,-71.07657
42.33642,-71.07657
42.352169,-71.047592
42.352169,-71.047592
42.352169,-71.047592
42.352169,-71.047592
42.352169,-71.047592
42.352169,-71.047592
42.352169,-71.047592
42.352169,-71.047592
42.352169,-71.047592
42.3670303,-71.0600861
42.3670303,-71.0600861
42.3670303,-71.0600861
42.30906,-71.10557
42.30906,-71.10557
42.3397501,-71.0823984
42.3397501,-71.0823984
42.3397501,-71.0823984
42.3397501,-71.0823984
42.3397501,-71.0823984
42.3397501,-71.0823984
42.3397501,-71.0823984
42.352008,-71.042559
42.3403556,-71.090383
42.3604727,-71.0554857
42.3653386,-71.0598524
42.3653386,-71.0598524
42.3653386,-71.0598524
42.3653386,-71.0598524
42.3653386,-71.0598524
42.3653386,-71.0598524
42.2860438,-71.1556681
42.2860438,-71.1556681
42.337824,-71.049671
42.337824,-71.049671
42.3637,-71.13638
42.3637,-71.13638
42.3637,-71.13638
42.3428809,-71.0453952
42.3428809,-71.0453952
42.3428809,-71.0453952
42.3428809,-71.0453952
42.3428809,-71.0453952
42.3428809,-71.0453952
42.3428809,-71.0453952
42.3428809,-71.0453952
42.3428809,-71.0453952
42.3481743,-71.0828743
42.3481743,-71.0828743
42.3438137,-71.1016997
42.3438137,-71.1016997
42.3470663,-71.0870309
42.3470663,-71.0870309
42.3470663,-71.0870309
42.3470663,-71.0870309
42.3470663,-71.0870309
42.3355727,-71.1500104
42.3355727,-71.1500104
42.3355727,-71.1500104
42.3355727,-71.1500104
42.3355727,-71.1500104
42.3355727,-71.1500104
42.3355727,-71.1500104
42.3141918,-71.1035189
42.3141918,-71.1035189
42.3141918,-71.1035189
42.3141918,-71.1035189
42.3141918,-71.1035189
42.3141918,-71.1035189
42.3141918,-71.1035189
42.3141918,-71.1035189
42.3141918,-71.1035189
42.3141918,-71.1035189
42.3520447,-71.0653282
42.3520447,-71.0653282
42.3520447,-71.0653282
42.3520447,-71.0653282
42.3636771,-71.1300384
42.355081,-71.062162
42.355081,-71.062162
42.355081,-71.062162
42.355081,-71.062162
42.355081,-71.062162
42.355081,-71.062162
42.355081,-71.062162
42.355081,-71.062162
42.355081,-71.062162
42.3442395,-71.0311336
42.27317,-71.06801
42.27317,-71.06801
42.27317,-71.06801
42.27317,-71.06801
42.27317,-71.06801
42.27317,-71.06801
42.27317,-71.06801
42.27317,-71.06801
42.27317,-71.06801
42.28597,-71.12914
42.344946,-71.10057
42.3553148,-71.0613521
42.3553148,-71.0613521
42.3553148,-71.0613521
42.3553148,-71.0613521
42.34612,-71.09929
42.34612,-71.09929
42.34612,-71.09929
42.34612,-71.09929
42.34612,-71.09929
42.34612,-71.09929
42.34612,-71.09929
42.2871964,-71.1292411
42.2871964,-71.1292411
42.34165,-71.0692806
42.34165,-71.0692806
42.32228,-71.10956
42.34679,-71.10573
42.382197,-71.07937
42.382197,-71.07937
42.382197,-71.07937
42.382197,-71.07937
42.382197,-71.07937
42.382197,-71.07937
42.382197,-71.07937
42.382197,-71.07937
42.382197,-71.07937
42.382197,-71.07937
42.3638661,-71.0591313
42.3638661,-71.0591313
42.35179,-71.07209
42.3638661,-71.0591313
42.3638661,-71.0591313
42.3638661,-71.0591313
42.3638661,-71.0591313
42.3014781,-71.0600567
42.3014781,-71.0600567
42.3450971,-71.0619564
42.3450971,-71.0619564
42.3450971,-71.0619564
42.3450971,-71.0619564
42.3450971,-71.0619564
42.3450971,-71.0619564
42.3450971,-71.0619564
42.37527,-71.06365
42.3389404,-71.0739427
42.3659381,-71.0632925
42.3659381,-71.0632925
42.3659381,-71.0632925
42.3301403,-71.0836624
42.3301403,-71.0836624
42.3253594,-71.0626997
42.3606281,-71.0566475
42.3606281,-71.0566475
42.3606281,-71.0566475
42.3606281,-71.0566475
42.3606281,-71.0566475
42.3606281,-71.0566475
42.3606281,-71.0566475
42.3489309,-71.1530989
42.3591005,-71.0543582
42.3591005,-71.0543582
42.3591005,-71.0543582
42.3591005,-71.0543582
42.3591005,-71.0543582
42.3508693,-71.0655022
42.3508693,-71.0655022
42.3508693,-71.0655022
42.3508693,-71.0655022
42.3508693,-71.0655022
42.3513782,-71.0657294
42.3513782,-71.0657294
42.3508693,-71.0655022
42.3508693,-71.0655022
42.3508693,-71.0655022
42.36399,-71.05357
42.3531087,-71.0472198
42.3531087,-71.0472198
42.3531087,-71.0472198
42.3699042,-71.0194476
42.3899163,-71.0123533
42.3899163,-71.0123533
42.34679,-71.08871
42.34679,-71.08871
42.34679,-71.08871
42.325865,-71.0620954
42.3653386,-71.0598524
42.3653386,-71.0598524
42.3653386,-71.0598524
42.3653386,-71.0598524
42.3653386,-71.0598524
42.3653386,-71.0598524
42.3350029,-71.0462284
42.3350029,-71.0462284
42.25553,-71.1211114
42.25553,-71.1211114
42.3648,-71.0608
42.3648,-71.0608
42.3648,-71.0608
42.3648,-71.0608
42.3648,-71.0608
42.3648,-71.0608
42.3648,-71.0608
42.32226,-71.06085
42.32226,-71.06085
42.32226,-71.06085
42.32226,-71.06085
42.2853857,-71.1558417
42.2853857,-71.1558417
42.2853857,-71.1558417
42.33899,-71.08051
42.3573878,-71.1446909
42.3573878,-71.1446909
42.3573878,-71.1446909
42.3438342,-71.0993781
42.3417599,-71.0873609
42.3417599,-71.0873609
42.3417599,-71.0873609
42.3417599,-71.0873609
42.3417599,-71.0873609
42.3417599,-71.0873609
42.3417599,-71.0873609
42.3417599,-71.0873609
42.3417599,-71.0873609
42.3417599,-71.0873609
42.3417599,-71.0873609
42.3417599,-71.0873609
42.3417599,-71.0873609
42.3417599,-71.0873609
42.3524,-71.12872
42.3531087,-71.0472198
42.3531087,-71.0472198
42.3531087,-71.0472198
42.3531087,-71.0472198
42.3531087,-71.0472198
42.3531087,-71.0472198
42.3531087,-71.0472198
42.3531087,-71.0472198
42.3531087,-71.0472198
42.3532313,-71.0475362
42.3532313,-71.0475362
42.3532313,-71.0475362
42.3532313,-71.0475362
42.3532313,-71.0475362
42.3532313,-71.0475362
42.3532313,-71.0475362
42.3414321,-71.0853954
42.35017,-71.05127
42.35017,-71.05127
42.35017,-71.05127
42.3444361,-71.0990841
42.3444361,-71.0990841
42.3512257,-71.0625628
42.3512257,-71.0625628
42.3512257,-71.0625628
42.3512257,-71.0625628
42.3512257,-71.0625628
42.3512257,-71.0625628
42.3512257,-71.0625628
42.3512257,-71.0625628
42.2746283,-71.1666215
42.3572865,-71.1430535
42.3572865,-71.1430535
42.2746283,-71.1666215
42.3546403,-71.0452526
42.3546403,-71.0452526
42.3546403,-71.0452526
42.341835,-71.085591
42.341835,-71.085591
42.3523262,-71.1216982
42.3512513,-71.0693751
42.3525,-71.06416
42.3525,-71.06416
42.3523262,-71.1216982
42.3523262,-71.1216982
42.3462517,-71.082812
42.36267,-71.13595
42.3462517,-71.082812
42.2996647,-71.0587894
42.33213,-71.09952
42.364563,-71.05416
42.364563,-71.05416
42.34413,-71.07777
42.34413,-71.07777
42.34413,-71.07777
42.3536916,-71.0482938
42.3536916,-71.0482938
42.3536916,-71.0482938
42.3536916,-71.0482938
42.3536916,-71.0482938
42.3536916,-71.0482938
42.3536916,-71.0482938
42.3536916,-71.0482938
42.3523168,-71.0473035
42.3523168,-71.0473035
42.3523168,-71.0473035
42.3523168,-71.0473035
42.3523168,-71.0473035
42.3523168,-71.0473035
42.27236,-71.06824
42.27236,-71.06824
42.34887,-71.152162
42.34887,-71.152162
42.3673332,-71.0388131
42.34954,-71.15313
42.3673332,-71.0388131
42.28398,-71.05527
42.28398,-71.05527
42.28398,-71.05527
42.3350736,-71.0572047
42.3350736,-71.0572047
42.3350736,-71.0572047
42.3350736,-71.0572047
42.2737826,-71.0678502
42.2737826,-71.0678502
42.35704,-71.06017
42.35704,-71.06017
42.3646518,-71.0533962
42.3646518,-71.0533962
42.3101878,-71.1153748
42.38689,-71.0068
42.38689,-71.0068
42.3546403,-71.0452526
42.3546403,-71.0452526
42.2834198,-71.0555186
42.2834198,-71.0555186
42.2834198,-71.0555186
42.2834198,-71.0555186
42.2834198,-71.0555186
42.2834198,-71.0555186
42.2834198,-71.0555186
42.371194,-71.0439502
42.3423407,-71.0705298
42.3423407,-71.0705298
42.3511522,-71.0453487
42.3511522,-71.0453487
42.34363,-71.07176
42.3371858,-71.0435867
42.3371858,-71.0435867
42.3371858,-71.0435867
42.3371858,-71.0435867
42.3500914,-71.0471416
42.3500914,-71.0471416
42.3500914,-71.0471416
42.3511522,-71.0453487
42.3511522,-71.0453487
N/A,N/A
42.3528462,-71.1326188
42.3528462,-71.1326188
42.30565,-71.06739
42.30565,-71.06739
42.30565,-71.06739
42.30565,-71.06739
42.30565,-71.06739
42.30565,-71.06739
42.34521,-71.0633398
42.34521,-71.0633398
42.3768553,-71.0657621
42.3768553,-71.0657621
42.35291,-71.13293
42.34521,-71.0633398
42.34521,-71.0633398
42.34521,-71.0633398
42.33541,-71.03562
42.33541,-71.03562
42.3326852,-71.0729217
42.3326852,-71.0729217
42.3326852,-71.0729217
42.3326852,-71.0729217
42.34626,-71.0828
42.34626,-71.0828
42.354662,-71.0616847
42.32215,-71.0622972
42.32215,-71.0622972
42.32215,-71.0622972
42.32215,-71.0622972
42.32215,-71.0622972
42.32215,-71.0622972
42.32215,-71.0622972
42.32215,-71.0622972
42.37861,-71.02936
42.37861,-71.02936
42.37861,-71.02936
42.37861,-71.02936
42.386578,-71.009157
42.386578,-71.009157
42.386578,-71.009157
42.3743217,-71.0399387
42.3743217,-71.0399387
42.35102,-71.06159
42.35102,-71.06159
42.35102,-71.06159
42.3497,-71.08921
42.3472482,-71.0788696
42.3446423,-71.0969397
42.36392,-71.05459
42.36392,-71.05459
42.3511522,-71.0453487
42.2822144,-71.0558444
42.2822144,-71.0558444
42.2822144,-71.0558444
42.2822144,-71.0558444
42.2822144,-71.0558444
42.2822144,-71.0558444
42.3571226,-71.0609283
42.3571226,-71.0609283
42.3571226,-71.0609283
42.3481619,-71.0808869
42.3481619,-71.0808869
42.3481619,-71.0808869
42.3512493,-71.0606805
42.3512493,-71.0606805
42.3002563,-71.1131001
42.3002563,-71.1131001
42.3002563,-71.1131001
42.36666,-71.01643
42.36666,-71.01643
42.3619593,-71.1422083
42.3619593,-71.1422083
42.3619593,-71.1422083
42.3619593,-71.1422083
42.3619593,-71.1422083
42.3619593,-71.1422083
42.3619593,-71.1422083
42.3619593,-71.1422083
42.3619593,-71.1422083
42.3640385,-71.0540089
42.2999528,-71.0585333
42.2999528,-71.0585333
42.2999528,-71.0585333
42.2999528,-71.0585333
42.2999528,-71.0585333
42.3640385,-71.0540089
42.3713149,-71.0611325
42.3713149,-71.0611325
42.3713149,-71.0611325
42.3446159,-71.0632575
42.3446159,-71.0632575
42.33542,-71.037
42.33542,-71.037
42.27299,-71.06805
42.27299,-71.06805
42.27299,-71.06805
42.351662,-71.0609699
42.351662,-71.0609699
42.35375,-71.05925
42.35375,-71.05925
42.35375,-71.05925
42.35375,-71.05925
42.35375,-71.05925
42.35375,-71.05925
42.35375,-71.05925
42.348701,-71.081632
42.348701,-71.081632
42.348701,-71.081632
42.348701,-71.081632
42.348701,-71.081632
42.348701,-71.081632
42.348701,-71.081632
42.3523949,-71.1288109
42.35701,-71.05761
42.28303,-71.05628
42.28303,-71.05628
42.28303,-71.05628
42.28303,-71.05628
42.3435925,-71.0446669
42.3435925,-71.0446669
42.3435925,-71.0446669
42.3435925,-71.0446669
42.3435925,-71.0446669
42.3428231,-71.0454824
42.3428231,-71.0454824
42.3435925,-71.0446669
42.36488,-71.05315
42.36488,-71.05315
42.36488,-71.05315
42.379018,-71.02859
42.379018,-71.02859
42.344946,-71.10057
42.344946,-71.10057
42.32146,-71.06264
42.32146,-71.06264
42.32146,-71.06264
42.32146,-71.06264
42.32146,-71.06264
42.32146,-71.06264
42.32146,-71.06264
N/A,N/A
N/A,N/A
42.3673576,-71.0503293
42.3673576,-71.0503293
42.3673576,-71.0503293
42.3673576,-71.0503293
42.3673576,-71.0503293
42.3673576,-71.0503293
42.3673576,-71.0503293
42.3673576,-71.0503293
42.3673576,-71.0503293
42.3673576,-71.0503293
42.33608,-71.04702
42.33608,-71.04702
42.33608,-71.04702
42.33608,-71.04702
42.33608,-71.04702
42.33608,-71.04702
42.28669,-71.0451067
42.28669,-71.0451067
42.28669,-71.0451067
42.28669,-71.0451067
42.28669,-71.0451067
42.28669,-71.0451067
42.28669,-71.0451067
42.28669,-71.0451067
42.3284129,-71.0819532
42.3284129,-71.0819532
42.34099,-71.08164
42.3485243,-71.0732515
42.3485243,-71.0732515
42.3485243,-71.0732515
42.3570354,-71.0602094
42.3570354,-71.0602094
42.3570354,-71.0602094
42.3572061,-71.0525238
42.3572061,-71.0525238
42.3572061,-71.0525238
42.3572061,-71.0525238
42.3572061,-71.0525238
42.3572061,-71.0525238
42.3572061,-71.0525238
42.3572061,-71.0525238
42.3572061,-71.0525238
42.3501788,-71.0606102
42.3501788,-71.0606102
42.3501788,-71.0606102
42.3501788,-71.0606102
42.33464,-71.0356
42.33464,-71.0356
42.33464,-71.0356
42.33464,-71.0356
42.3512892,-71.0431969
42.3512892,-71.0431969
42.3512892,-71.0431969
42.35845,-71.06084
42.35845,-71.06084
42.35845,-71.06084
42.36328,-71.05525
42.36328,-71.05525
42.3444624,-71.1010983
42.3444624,-71.1010983
42.3444624,-71.1010983
42.2857778,-71.0912506
42.2857778,-71.0912506
42.3594172,-71.0511296
42.3594172,-71.0511296
42.3334,-71.10305
42.3052,-71.05917
42.3052,-71.05917
42.3526613,-71.1218371
42.3526613,-71.1218371
42.33041,-71.0943
42.344946,-71.10057
42.344946,-71.10057
42.344946,-71.10057
42.344946,-71.10057
N/A,N/A
42.355488,-71.06141
42.34284,-71.0565725
42.34284,-71.0565725
42.355488,-71.06141
42.355488,-71.06141
42.343631,-71.0626793
42.3651,-71.0534
42.3651,-71.0534
42.3530884,-71.1311191
42.3530884,-71.1311191
42.3530884,-71.1311191
42.3530884,-71.1311191
42.3530884,-71.1311191
42.3530884,-71.1311191
42.38717,-71.0086
42.38717,-71.0086
N/A,N/A
N/A,N/A
N/A,N/A
42.3454408,-71.0969584
42.3454408,-71.0969584
42.3454408,-71.0969584
42.3454408,-71.0969584
42.3454408,-71.0969584
42.3454408,-71.0969584
42.3454408,-71.0969584
42.3454408,-71.0969584
42.378888,-71.027796
42.378888,-71.027796
42.378888,-71.027796
42.378888,-71.027796
42.378888,-71.027796
42.3629045,-71.0549998
42.30036,-71.11297
42.30036,-71.11297
42.3629045,-71.0549998
42.3629045,-71.0549998
42.350797,-71.0758486
42.350797,-71.0758486
42.344299,-71.0719147
42.344299,-71.0719147
42.3636082,-71.056416
42.3636082,-71.056416
42.3636082,-71.056416
42.3535217,-71.0461291
42.3535217,-71.0461291
42.3535217,-71.0461291
42.350918,-71.131529
42.350918,-71.131529
42.35307,-71.06292
42.35307,-71.06292
42.35307,-71.06292
42.35307,-71.06292
42.35307,-71.06292
42.35307,-71.06292
42.35307,-71.06292
42.3472779,-71.0754514
42.3472779,-71.0754514
42.3472779,-71.0754514
42.35053,-71.06757
42.35053,-71.06757
42.35053,-71.06757
42.35053,-71.06757
42.35053,-71.06757
42.35053,-71.06757
42.35053,-71.06757
42.35053,-71.06757
42.35053,-71.06757
42.35053,-71.06757
42.35053,-71.06757
42.34862,-71.08407
42.34862,-71.08407
42.3535117,-71.0567284
42.3535117,-71.0567284
42.3535117,-71.0567284
42.3535117,-71.0567284
42.3535117,-71.0567284
42.344844,-71.0709851
42.3357677,-71.1499526
42.3357677,-71.1499526
42.376666,-71.0565145
42.376666,-71.0565145
42.376666,-71.0565145
42.3753908,-71.0380187
42.3753908,-71.0380187
42.3753908,-71.0380187
42.3753908,-71.0380187
42.3370393,-71.0476896
42.3370393,-71.0476896
42.3370393,-71.0476896
42.3370393,-71.0476896
42.3370393,-71.0476896
42.3370393,-71.0476896
42.3370393,-71.0476896
42.3416876,-71.0568916
42.3416876,-71.0568916
42.3416876,-71.0568916
42.34125,-71.07039
42.34125,-71.07039
42.369908,-71.037913
42.369908,-71.037913
42.369908,-71.037913
42.369908,-71.037913
42.369908,-71.037913
42.369908,-71.037913
42.369908,-71.037913
42.369908,-71.037913
42.369908,-71.037913
42.369908,-71.037913
42.369908,-71.037913
42.369908,-71.037913
42.3521034,-71.1320386
42.3521034,-71.1320386
42.35904,-71.05356
42.35904,-71.05356
42.35904,-71.05356
42.35904,-71.05356
42.3606281,-71.0566475
42.3606281,-71.0566475
42.3606281,-71.0566475
42.3606281,-71.0566475
42.3606281,-71.0566475
42.3606281,-71.0566475
42.3606281,-71.0566475
42.3606281,-71.0566475
42.34855,-71.07731
42.3638818,-71.0623985
42.3638818,-71.0623985
42.3529869,-71.1337205
42.35121,-71.06037
42.35121,-71.06037
42.35121,-71.06037
42.35121,-71.06037
42.34523,-71.08713
42.34523,-71.08713
42.34523,-71.08713
42.34523,-71.08713
42.375123,-71.038568
42.375123,-71.038568
42.375123,-71.038568
42.375123,-71.038568
42.375123,-71.038568
42.375123,-71.038568
42.3436662,-71.0653068
42.3448,-71.08944
42.3448,-71.08944
42.3448,-71.08944
42.3448,-71.08944
42.268188,-71.093056
42.268188,-71.093056
42.268188,-71.093056
42.268188,-71.093056
42.268188,-71.093056
42.268188,-71.093056
42.268188,-71.093056
42.3626989,-71.0553097
42.3626989,-71.0553097
42.3626989,-71.0553097
42.331583,-71.0350506
42.331583,-71.0350506
42.33981,-71.04354
42.33981,-71.04354
42.33981,-71.04354
42.33981,-71.04354
42.33981,-71.04354
42.33981,-71.04354
42.361968,-71.070175
42.361968,-71.070175
42.361968,-71.070175
42.361968,-71.070175
42.361968,-71.070175
42.361968,-71.070175
N/A,N/A
N/A,N/A
N/A,N/A
N/A,N/A
N/A,N/A
N/A,N/A
N/A,N/A
N/A,N/A
N/A,N/A
N/A,N/A
42.28316,-71.05602
42.28316,-71.05602
42.28316,-71.05602
42.3500513,-71.0484809
42.3500513,-71.0484809
42.3500513,-71.0484809
42.3500513,-71.0484809
42.3500513,-71.0484809
42.3500513,-71.0484809
42.3500513,-71.0484809
42.3739882,-71.0392566
42.3739882,-71.0392566
42.3739882,-71.0392566
42.3739882,-71.0392566
42.3739882,-71.0392566
42.3739882,-71.0392566
42.3739882,-71.0392566
42.3739882,-71.0392566
42.3612736,-71.0568853
42.3612736,-71.0568853
42.3612736,-71.0568853
42.3612736,-71.0568853
42.3612736,-71.0568853
42.3612736,-71.0568853
42.34971,-71.08124
42.34971,-71.08124
42.34971,-71.08124
42.35038,-71.06541
42.35038,-71.06541
42.35038,-71.06541
42.350447,-71.064784
42.350447,-71.064784
42.350447,-71.064784
42.350447,-71.064784
42.350447,-71.064784
42.350447,-71.064784
42.35303,-71.1339
42.35303,-71.1339
42.35303,-71.1339
42.35303,-71.1339
42.34611,-71.09884
42.34611,-71.09884
42.34611,-71.09884
42.34611,-71.09884
42.34611,-71.09884
42.34611,-71.09884
42.34611,-71.09884
42.34611,-71.09884
42.34611,-71.09884
42.3472968,-71.0814575
42.3472968,-71.0814575
42.3472968,-71.0814575
42.3472968,-71.0814575
42.25682,-71.12411
42.25682,-71.12411
42.25682,-71.12411
42.25682,-71.12411
42.25682,-71.12411
42.3590648,-71.059326
42.3590648,-71.059326
42.3590648,-71.059326
42.3861669,-71.0095306
42.3568861,-71.0599391
42.3568861,-71.0599391
42.3445691,-71.1006558
42.3380068,-71.0356803
42.3380068,-71.0356803
42.3380068,-71.0356803
42.3380068,-71.0356803
42.3380068,-71.0356803
42.3380068,-71.0356803
42.3380068,-71.0356803
42.3380068,-71.0356803
42.3532573,-71.1324499
42.3532573,-71.1324499
42.3532573,-71.1324499
42.3532573,-71.1324499
42.3532573,-71.1324499
42.3532573,-71.1324499
42.3532573,-71.1324499
42.3532573,-71.1324499
42.3532573,-71.1324499
42.3532573,-71.1324499
42.3532573,-71.1324499
42.3532573,-71.1324499
N/A,N/A
42.34192,-71.05524
42.34192,-71.05524
42.3559068,-71.0501652
42.3559068,-71.0501652
42.3559068,-71.0501652
42.3559068,-71.0501652
42.3559068,-71.0501652
42.3559068,-71.0501652
42.3559068,-71.0501652
42.3559068,-71.0501652
42.3559068,-71.0501652
42.3506821,-71.0703585
42.3506821,-71.0703585
42.3506821,-71.0703585
42.3506821,-71.0703585
42.351434,-71.063278
42.351434,-71.063278
42.351434,-71.063278
42.3405502,-71.0820664
42.3405502,-71.0820664
42.3609868,-71.0668586
42.3609868,-71.0668586
42.347065,-71.085643
42.347065,-71.085643
42.347065,-71.085643
42.347065,-71.085643
42.347065,-71.085643
42.3863757,-71.0070415
42.3863757,-71.0070415
42.3863757,-71.0070415
42.3040432,-71.0590708
42.3040432,-71.0590708
42.3364,-71.165956
42.3364,-71.165956
42.3364,-71.165956
42.3364,-71.165956
42.3364,-71.165956
42.3364,-71.165956
42.3364,-71.165956
42.3364,-71.165956
42.3364,-71.165956
42.3364,-71.165956
42.3364,-71.165956
42.3364,-71.165956
42.3364,-71.165956
42.3364,-71.165956
42.3364,-71.165956
42.3378149,-71.1682341
42.3378149,-71.1682341
42.3364,-71.165956
42.3364,-71.165956
42.336005,-71.040421
42.336005,-71.040421
42.336005,-71.040421
42.336005,-71.040421
42.336005,-71.040421
42.336005,-71.040421
42.37102,-71.039437
42.37102,-71.039437
42.37102,-71.039437
42.37102,-71.039437
42.3601648,-71.0495127
42.3601648,-71.0495127
42.3601648,-71.0495127
42.3601648,-71.0495127
42.3601648,-71.0495127
42.35421,-71.052014
42.35421,-71.052014
42.35421,-71.052014
42.35421,-71.052014
42.35421,-71.052014
42.35421,-71.052014
42.35421,-71.052014
42.35421,-71.052014
42.35421,-71.052014
42.35421,-71.052014
42.35421,-71.052014
42.338328,-71.049724
42.338328,-71.049724
42.338328,-71.049724
42.338328,-71.049724
42.34189,-71.07978
42.34189,-71.07978
42.34189,-71.07978
42.349444,-71.084498
42.2787711,-71.1367598
42.2787711,-71.1367598
42.25524,-71.12082
42.351384,-71.0600284
42.351384,-71.0600284
42.351384,-71.0600284
42.3616968,-71.056577
42.3616968,-71.056577
42.3616968,-71.056577
42.3616968,-71.056577
42.3616968,-71.056577
42.30628,-71.10743
42.3616968,-71.056577
42.3616968,-71.056577
42.36117,-71.05678
42.36117,-71.05678
42.36117,-71.05678
42.36117,-71.05678
42.36117,-71.05678
42.36117,-71.05678
42.36117,-71.05678
42.32273,-71.10325
42.32273,-71.10325
42.32273,-71.10325
42.361968,-71.070175
42.361968,-71.070175
42.361968,-71.070175
42.361968,-71.070175
42.361968,-71.070175
42.361968,-71.070175
42.361968,-71.070175
42.361968,-71.070175
42.361968,-71.070175
42.361968,-71.070175
42.32153,-71.05659
42.35302,-71.13052
42.35302,-71.13052
42.3462194,-71.0430994
42.3462194,-71.0430994
42.3462194,-71.0430994
42.3462194,-71.0430994
42.3462194,-71.0430994
42.3462194,-71.0430994
42.3462194,-71.0430994
42.3462194,-71.0430994
42.37699,-71.03023
42.37699,-71.03023
42.37699,-71.03023
42.3236988,-71.0680697
42.3236988,-71.0680697
42.3236988,-71.0680697
42.3461225,-71.0455997
42.3461225,-71.0455997
42.3461225,-71.0455997
42.3461225,-71.0455997
42.3461225,-71.0455997
42.3461225,-71.0455997
42.3461225,-71.0455997
42.3461225,-71.0455997
42.3461225,-71.0455997
42.3461225,-71.0455997
42.3461225,-71.0455997
42.3461225,-71.0455997
42.3461225,-71.0455997
42.3475481,-71.0843514
42.3475481,-71.0843514
42.3475481,-71.0843514
42.3475481,-71.0843514
42.3475481,-71.0843514
42.3475481,-71.0843514
42.3475481,-71.0843514
42.3475481,-71.0843514
42.3475481,-71.0843514
42.3475481,-71.0843514
42.3475481,-71.0843514
42.3521638,-71.1218378
42.3521638,-71.1218378
42.37817,-71.02887
42.37817,-71.02887
42.3125348,-71.1143544
42.3125348,-71.1143544
42.3480517,-71.085767
42.3480517,-71.085767
42.3480517,-71.085767
42.3480517,-71.085767
42.3480517,-71.085767
42.3480517,-71.085767
42.3480517,-71.085767
42.3480517,-71.085767
42.351888,-71.118709
42.351888,-71.118709
42.3567308,-71.0598652
42.3567308,-71.0598652
42.3567308,-71.0598652
42.3567308,-71.0598652
42.3567308,-71.0598652
42.3567308,-71.0598652
42.3567308,-71.0598652
42.3567308,-71.0598652
42.3567308,-71.0598652
42.3567308,-71.0598652
42.3567308,-71.0598652
42.3567308,-71.0598652
42.3567308,-71.0598652
42.3567308,-71.0598652
42.3567308,-71.0598652
42.3567308,-71.0598652
42.3567308,-71.0598652
42.3567308,-71.0598652
42.3472482,-71.0788696
42.3472482,-71.0788696
42.3472482,-71.0788696
42.3472482,-71.0788696
42.3472482,-71.0788696
42.3472482,-71.0788696
42.3472482,-71.0788696
42.3521664,-71.1176803
42.3521664,-71.1176803
42.3521664,-71.1176803
42.3521664,-71.1176803
42.3521664,-71.1176803
42.3521664,-71.1176803
42.3521664,-71.1176803
42.3521664,-71.1176803
42.3521664,-71.1176803
42.3521664,-71.1176803
42.3475481,-71.0843514
42.3475481,-71.0843514
42.3475481,-71.0843514
42.3475481,-71.0843514
42.3475481,-71.0843514
42.3475481,-71.0843514
42.3475481,-71.0843514
42.3475481,-71.0843514
42.3475481,-71.0843514
42.29388,-71.04627
42.29388,-71.04627
42.29388,-71.04627
42.29388,-71.04627
42.36652,-71.05478
42.36652,-71.05478
42.3523612,-71.0615572
42.3523612,-71.0615572
42.3523612,-71.0615572
42.3523612,-71.0615572
42.3523612,-71.0615572
42.3523612,-71.0615572
42.3523612,-71.0615572
42.3523612,-71.0615572
42.3523612,-71.0615572
42.351933,-71.0670037
42.351933,-71.0670037
42.351933,-71.0670037
42.3432579,-71.0725098
42.3432579,-71.0725098
42.3432579,-71.0725098
42.3432579,-71.0725098
42.3595928,-71.0539515
42.3595928,-71.0539515
42.3595928,-71.0539515
42.3595928,-71.0539515
42.3595928,-71.0539515
42.3595928,-71.0539515
42.3595928,-71.0539515
42.3595928,-71.0539515
42.34004,-71.10831
42.34004,-71.10831
42.2964342,-71.1568087
42.2964342,-71.1568087
42.3557,-71.14817
42.3557,-71.14817
42.2928225,-71.0957837
42.2928225,-71.0957837
42.2928225,-71.0957837
42.2928225,-71.0957837
42.3440089,-71.0987841
42.3440089,-71.0987841
42.3440089,-71.0987841
42.38405,-71.00466
42.38405,-71.00466
42.3512229,-71.0682091
42.3512229,-71.0682091
42.3512229,-71.0682091
42.3512229,-71.0682091
42.3512229,-71.0682091
42.3512229,-71.0682091
42.3512229,-71.0682091
42.3619674,-71.0506712
42.3619674,-71.0506712
42.3619674,-71.0506712
N/A,N/A
42.34899,-71.04975
42.34899,-71.04975
42.34899,-71.04975
42.34899,-71.04975
42.34899,-71.04975
42.34899,-71.04975
42.34899,-71.04975
N/A,N/A
N/A,N/A
N/A,N/A
N/A,N/A
42.36629,-71.0622
42.3529746,-71.0523657
42.3529746,-71.0523657
N/A,N/A
N/A,N/A
N/A,N/A
N/A,N/A
N/A,N/A
N/A,N/A
N/A,N/A
42.33927,-71.09405
42.33927,-71.09405
42.33927,-71.09405
N/A,N/A
N/A,N/A
42.3575522,-71.0584612
42.3575522,-71.0584612
N/A,N/A
N/A,N/A
N/A,N/A
42.3517608,-71.1167919
42.3517608,-71.1167919
42.3517608,-71.1167919
42.3517608,-71.1167919
42.3517608,-71.1167919
42.3517608,-71.1167919
42.3517608,-71.1167919
42.3517608,-71.1167919
42.3517608,-71.1167919
42.3616968,-71.056577
42.30628,-71.10743
42.30628,-71.10743
42.30628,-71.10743
42.30628,-71.10743
42.30628,-71.10743
42.30628,-71.10743
42.30628,-71.10743
42.30628,-71.10743
42.3583374,-71.0703595
42.3583374,-71.0703595
42.3583374,-71.0703595
42.3583374,-71.0703595
42.35959,-71.05386
42.35959,-71.05386
42.35959,-71.05386
42.35959,-71.05386
42.35959,-71.05386
42.35959,-71.05386
42.35959,-71.05386
42.35959,-71.05386
42.35959,-71.05386
42.35959,-71.05386
42.35959,-71.05386
42.34957,-71.10598
42.34957,-71.10598
42.34957,-71.10598
42.34957,-71.10598
42.34957,-71.10598
42.34957,-71.10598
42.36382,-71.05468
42.36382,-71.05468
42.3525646,-71.1303711
42.3525646,-71.1303711
42.3525646,-71.1303711
N/A,N/A
42.35135,-71.05694
42.347328,-71.098676
42.347328,-71.098676
42.347328,-71.098676
42.35537,-71.13028
42.35537,-71.13028
42.35537,-71.13028
42.35537,-71.13028
42.35537,-71.13028
42.35537,-71.13028
42.35537,-71.13028
42.35537,-71.13028
42.35664,-71.06994
42.35664,-71.06994
42.31214,-71.11395
42.28536,-71.09219
42.28536,-71.09219
42.28536,-71.09219
42.28536,-71.09219
42.349571,-71.095239
42.349571,-71.095239
42.35958,-71.05404
42.35958,-71.05404
42.35958,-71.05404
42.35958,-71.05404
42.35958,-71.05404
42.35958,-71.05404
42.35958,-71.05404
42.35958,-71.05404
42.35958,-71.05404
42.35021,-71.13215
42.35021,-71.13215
42.35021,-71.13215
42.35021,-71.13215
42.35021,-71.13215
42.34854,-71.09385
42.34854,-71.09385
42.34854,-71.09385
42.34982,-71.13342
42.34982,-71.13342
42.34982,-71.13342
42.34982,-71.13342
42.34982,-71.13342
42.291827,-71.122157
42.291827,-71.122157
42.291827,-71.122157
42.291827,-71.122157
42.291827,-71.122157
42.31168,-71.05351
42.31168,-71.05351
42.31168,-71.05351
42.31168,-71.05351
42.31168,-71.05351
42.31168,-71.05351
42.31168,-71.05351
42.31168,-71.05351
42.31168,-71.05351
42.3440089,-71.0987841
42.3440089,-71.0987841
42.3465791,-71.0753578
42.3465791,-71.0753578
42.3465791,-71.0753578
42.34996,-71.06617
42.34996,-71.06617
42.34996,-71.06617
42.34996,-71.06617
42.34996,-71.06617
42.34996,-71.06617
42.34114,-71.08149
42.34114,-71.08149
42.30355,-71.0528
42.30355,-71.0528
42.30355,-71.0528
42.30355,-71.0528
42.30355,-71.0528
42.3321265,-71.0270285
42.3321265,-71.0270285
42.3321265,-71.0270285
42.3321265,-71.0270285
42.3321265,-71.0270285
42.3321265,-71.0270285
42.3321265,-71.0270285
42.3321265,-71.0270285
42.2860677,-71.1545002
42.2860677,-71.1545002
42.353827,-71.059166
42.353827,-71.059166
42.353827,-71.059166
42.353827,-71.059166
42.353827,-71.059166
42.353827,-71.059166
42.353827,-71.059166
42.353827,-71.059166
42.348936,-71.0384003
42.348936,-71.0384003
42.348936,-71.0384003
42.348936,-71.0384003
42.348936,-71.0384003
42.348936,-71.0384003
42.3507764,-71.0662293
42.3507764,-71.0662293
42.3507764,-71.0662293
42.3507764,-71.0662293
42.3507764,-71.0662293
42.35001,-71.04099
42.35001,-71.04099
42.35001,-71.04099
42.35001,-71.04099
42.35001,-71.04099
42.35001,-71.04099
42.35001,-71.04099
42.35001,-71.04099
42.3392758,-71.0511911
42.3392758,-71.0511911
42.3392758,-71.0511911
42.3392758,-71.0511911
42.3392758,-71.0511911
42.3392758,-71.0511911
42.34672,-71.06967
42.34672,-71.06967
42.28625,-71.07182
42.28625,-71.07182
42.28625,-71.07182
42.28625,-71.07182
42.28625,-71.07182
42.28625,-71.07182
42.28625,-71.07182
42.336873,-71.0760409
42.3636628,-71.0518884
42.3636628,-71.0518884
42.287192,-71.152571
42.3487,-71.15954
42.3425972,-71.0746351
42.3001682,-71.1131213
42.3001682,-71.1131213
42.3001682,-71.1131213
42.3001682,-71.1131213
42.3001682,-71.1131213
42.3001682,-71.1131213
42.3001682,-71.1131213
42.3001682,-71.1131213
42.3498315,-71.1309142
42.37529,-71.0383
42.37529,-71.0383
42.37529,-71.0383
42.37529,-71.0383
42.34938,-71.0811
42.35874,-71.15367
42.352854,-71.132515
42.352854,-71.132515
42.352854,-71.132515
42.352854,-71.132515
42.352854,-71.132515
42.352854,-71.132515
42.352854,-71.132515
42.352854,-71.132515
42.352854,-71.132515
42.352854,-71.132515
42.34232,-71.09695
42.34232,-71.09695
42.34232,-71.09695
42.3483703,-71.0737738
42.3483703,-71.0737738
42.3483703,-71.0737738
42.3483703,-71.0737738
42.3483703,-71.0737738
42.3483703,-71.0737738
42.3532155,-71.04541
42.3532155,-71.04541
42.3532155,-71.04541
42.3532155,-71.04541
42.3532155,-71.04541
42.3532155,-71.04541
42.3532155,-71.04541
42.3487647,-71.0780702
42.3487647,-71.0780702
42.379767,-71.027
42.3630817,-71.0549481
42.3630817,-71.0549481
42.3418177,-71.0723637
42.3418177,-71.0723637
42.3418177,-71.0723637
42.35199,-71.06439
42.3577,-71.05896
42.3577,-71.05896
42.3577,-71.05896
42.3577,-71.05896
42.3577,-71.05896
42.3577,-71.05896
42.3577,-71.05896
42.35799,-71.06161
42.35799,-71.06161
42.35799,-71.06161
42.35799,-71.06161
42.35799,-71.06161
42.35799,-71.06161
42.35799,-71.06161
42.35799,-71.06161
42.33392,-71.10354
42.3225347,-71.1086436
42.3225347,-71.1086436
42.349853,-71.0577171
42.349853,-71.0577171
42.349853,-71.0577171
42.379462,-71.027893
42.2871387,-71.0786904
42.2871387,-71.0786904
42.2871387,-71.0786904
42.35485,-71.06237
42.35485,-71.06237
42.35485,-71.06237
42.35485,-71.06237
42.354316,-71.0621501
42.354316,-71.0621501
42.354316,-71.0621501
42.3634083,-71.0542613
42.3634083,-71.0542613
42.36327,-71.0559
42.36327,-71.0559
42.36327,-71.0559
42.37874,-71.02813
42.37874,-71.02813
42.3578258,-71.0582484
42.3578258,-71.0582484
42.3578258,-71.0582484
42.3578258,-71.0582484
42.3578258,-71.0582484
42.3578258,-71.0582484
42.3578258,-71.0582484
42.3578258,-71.0582484
42.278345,-71.137197
42.278345,-71.137197
42.278345,-71.137197
42.278345,-71.137197
42.25062,-71.12573
42.25062,-71.12573
42.25062,-71.12573
42.25062,-71.12573
42.25062,-71.12573
42.25062,-71.12573
42.25062,-71.12573
42.34156,-71.07662
42.34156,-71.07662
42.34156,-71.07662
42.343206,-71.086749
42.343206,-71.086749
42.343206,-71.086749
42.3508693,-71.0655022
42.3508693,-71.0655022
42.3508693,-71.0655022
42.3508693,-71.0655022
42.3508693,-71.0655022
42.3508693,-71.0655022
42.3508693,-71.0655022
42.34733,-71.0955
42.34733,-71.0955
42.34733,-71.0955
42.34733,-71.0955
42.34733,-71.0955
42.34733,-71.0955
42.34733,-71.0955
42.34733,-71.0955
42.34733,-71.0955
42.34733,-71.0955
42.34733,-71.0955
42.34733,-71.0955
42.34733,-71.0955
42.35827,-71.0533
42.35827,-71.0533
42.35827,-71.0533
42.35827,-71.0533
42.35827,-71.0533
42.35827,-71.0533
42.35827,-71.0533
42.37831,-71.03898
42.3462194,-71.0430994
42.3462194,-71.0430994
42.3462194,-71.0430994
42.3462194,-71.0430994
42.3462194,-71.0430994
42.3462194,-71.0430994
42.3462194,-71.0430994
42.3462194,-71.0430994
42.3462194,-71.0430994
42.3462194,-71.0430994
42.3462194,-71.0430994
42.3462194,-71.0430994
42.3462194,-71.0430994
N/A,N/A
N/A,N/A
N/A,N/A
42.349586,-71.047643
42.349586,-71.047643
42.349586,-71.047643
42.349586,-71.047643
N/A,N/A
N/A,N/A
N/A,N/A
42.37009,-71.03921
42.34577,-71.08734
42.3518595,-71.0696698
42.3518595,-71.0696698
42.3518595,-71.0696698
42.3636572,-71.0548308
42.3636572,-71.0548308
42.3636572,-71.0548308
42.3636572,-71.0548308
42.363258,-71.0540964
42.363258,-71.0540964
42.2866,-71.13017
42.2866,-71.13017
42.2866,-71.13017
42.3719668,-71.0388179
42.3719668,-71.0388179
42.3719668,-71.0388179
42.31146,-71.11924
42.3507764,-71.0662293
42.3507764,-71.0662293
42.3507764,-71.0662293
42.3507764,-71.0662293
42.3507764,-71.0662293
42.3507764,-71.0662293
42.3507764,-71.0662293
42.3437275,-71.0895816
42.3437275,-71.0895816
42.32837,-71.08064
42.32837,-71.08064
42.32837,-71.08064
42.3485217,-71.0950995
42.3485217,-71.0950995
42.3485217,-71.0950995
42.3485217,-71.0950995
42.3485217,-71.0950995
42.3485217,-71.0950995
42.3485217,-71.0950995
42.3485217,-71.0950995
42.35744,-71.05316
42.35744,-71.05316
42.35744,-71.05316
42.35744,-71.05316
42.35744,-71.05316
42.35744,-71.05316
42.35744,-71.05316
42.3629165,-71.0641647
42.3629165,-71.0641647
42.34657,-71.08384
42.34657,-71.08384
42.34657,-71.08384
42.34657,-71.08384
42.34657,-71.08384
42.34657,-71.08384
42.34657,-71.08384
42.34657,-71.08384
42.34657,-71.08384
42.34657,-71.08384
42.361014,-71.056731
42.361014,-71.056731
42.361014,-71.056731
42.361014,-71.056731
42.361014,-71.056731
42.361014,-71.056731
42.361014,-71.056731
42.361014,-71.056731
42.361014,-71.056731
42.361014,-71.056731
42.361014,-71.056731
42.361014,-71.056731
42.361014,-71.056731
42.361014,-71.056731
42.361014,-71.056731
42.361014,-71.056731
42.361014,-71.056731
42.361014,-71.056731
42.361014,-71.056731
42.3576433,-71.0536396
42.3576433,-71.0536396
42.3576433,-71.0536396
42.3576433,-71.0536396
42.3576433,-71.0536396
42.3576433,-71.0536396
42.36146,-71.05685
42.36146,-71.05685
42.36146,-71.05685
42.36146,-71.05685
42.36146,-71.05685
42.36146,-71.05685
42.36146,-71.05685
42.36146,-71.05685
42.36146,-71.05685
42.36146,-71.05685
42.37555,-71.03888
42.37555,-71.03888
42.37555,-71.03888
42.3566424,-71.0503091
42.3566424,-71.0503091
42.35927,-71.05643
42.35927,-71.05643
42.35927,-71.05643
42.3398031,-71.0527298
42.3398031,-71.0527298
42.3398031,-71.0527298
N/A,N/A
N/A,N/A
N/A,N/A
N/A,N/A
N/A,N/A
N/A,N/A
N/A,N/A
N/A,N/A
42.36252,-71.0507207
42.36252,-71.0507207
42.36252,-71.0507207
42.36252,-71.0507207
42.36252,-71.0507207
42.36252,-71.0507207
42.3632116,-71.0559516
42.3632116,-71.0559516
42.336581,-71.037314
42.336581,-71.037314
42.336581,-71.037314
42.336581,-71.037314
42.336581,-71.037314
42.336581,-71.037314
42.3436662,-71.0653068
42.3436662,-71.0653068
42.3436662,-71.0653068
42.3436662,-71.0653068
42.3436662,-71.0653068
42.3436662,-71.0653068
42.3642923,-71.0556293
42.34854,-71.09422
42.34854,-71.09422
42.3520005,-71.1194257
42.3520005,-71.1194257
42.3520005,-71.1194257
42.3520005,-71.1194257
42.3520005,-71.1194257
42.3520005,-71.1194257
42.3520005,-71.1194257
42.3520005,-71.1194257
42.3520005,-71.1194257
42.35668,-71.05257
42.35668,-71.05257
42.35668,-71.05257
42.35668,-71.05257
42.35668,-71.05257
42.35668,-71.05257
42.35668,-71.05257
42.3534376,-71.0590825
42.3534376,-71.0590825
42.3534376,-71.0590825
42.3534376,-71.0590825
42.3534376,-71.0590825
42.3534376,-71.0590825
42.3534376,-71.0590825
42.3534376,-71.0590825
42.310802,-71.1144585
42.310802,-71.1144585
42.2866,-71.13017
42.2866,-71.13017
42.2866,-71.13017
42.2866,-71.13017
42.3530814,-71.1306241
42.3530814,-71.1306241
42.3530814,-71.1306241
42.3530814,-71.1306241
42.3574592,-71.069838
42.3574592,-71.069838
42.3574592,-71.069838
42.36335,-71.05584
42.36335,-71.05584
42.346771,-71.098711
42.346771,-71.098711
42.346771,-71.098711
42.346771,-71.098711
42.346771,-71.098711
42.346771,-71.098711
42.346771,-71.098711
42.353613,-71.062695
42.353613,-71.062695
42.353613,-71.062695
42.353613,-71.062695
42.353613,-71.062695
42.353613,-71.062695
42.353613,-71.062695
42.353613,-71.062695
42.35157,-71.06502
42.351085,-71.0607889
42.351085,-71.0607889
42.351085,-71.0607889
42.351085,-71.0607889
42.351085,-71.0607889
42.3326852,-71.0729217
42.348857,-71.15198
42.348857,-71.15198
42.348857,-71.15198
42.3489017,-71.1525294
42.3489017,-71.1525294
42.3489017,-71.1525294
42.3489017,-71.1525294
42.3489017,-71.1525294
42.3489017,-71.1525294
42.3489017,-71.1525294
42.3489017,-71.1525294
42.3489017,-71.1525294
42.28452,-71.1556
42.28452,-71.1556
42.28452,-71.1556
42.28452,-71.1556
42.28452,-71.1556
42.28452,-71.1556
42.28452,-71.1556
42.28452,-71.1556
42.28452,-71.1556
42.36629,-71.0622
42.36629,-71.0622
42.36629,-71.0622
42.36629,-71.0622
42.36629,-71.0622
42.36629,-71.0622
42.36629,-71.0622
42.36093,-71.06901
42.36093,-71.06901
42.36093,-71.06901
42.36093,-71.06901
42.3497509,-71.081078
42.3497509,-71.081078
42.3497509,-71.081078
42.3594616,-71.0554805
42.3594616,-71.0554805
42.3594616,-71.0554805
42.3594616,-71.0554805
42.3594616,-71.0554805
42.3594616,-71.0554805
42.3594616,-71.0554805
42.3594616,-71.0554805
42.3594616,-71.0554805
42.333442,-71.103114
42.333442,-71.103114
42.333442,-71.103114
42.333442,-71.103114
42.333442,-71.103114
42.2556937,-71.1208001
42.2556937,-71.1208001
42.2556937,-71.1208001
42.2556937,-71.1208001
42.2556937,-71.1208001
42.2556937,-71.1208001
42.2556937,-71.1208001
42.2556937,-71.1208001
42.3357937,-71.0380895
42.3357937,-71.0380895
42.3357937,-71.0380895
42.3357937,-71.0380895
42.31306,-71.05743
42.3357937,-71.0380895
42.3357937,-71.0380895
42.3357937,-71.0380895
42.3357937,-71.0380895
42.3409148,-71.0863672
42.351317,-71.131249
42.351317,-71.131249
42.3126378,-71.0574925
42.3126378,-71.0574925
42.34855,-71.07731
42.34855,-71.07731
42.34855,-71.07731
42.34855,-71.07731
42.35862,-71.1573
42.34968,-71.04281
42.34968,-71.04281
42.34968,-71.04281
42.3260873,-71.0636114
42.3260873,-71.0636114
42.360131,-71.0549545
42.360131,-71.0549545
42.360131,-71.0549545
42.360131,-71.0549545
42.360131,-71.0549545
42.360131,-71.0549545
42.360131,-71.0549545
42.360131,-71.0549545
42.35115,-71.0604
42.35115,-71.0604
42.350421,-71.0600003
42.350421,-71.0600003
42.350421,-71.0600003
42.350421,-71.0600003
42.350421,-71.0600003
42.350421,-71.0600003
42.3533914,-71.0607372
42.3533914,-71.0607372
42.3533914,-71.0607372
42.3533914,-71.0607372
42.3533914,-71.0607372
42.3533914,-71.0607372
42.3533914,-71.0607372
42.3533914,-71.0607372
42.3634087,-71.0256988
42.3634087,-71.0256988
42.3634087,-71.0256988
42.3552,-71.06239
42.3552,-71.06239
42.3552,-71.06239
42.35916,-71.0542918
42.35916,-71.0542918
42.35916,-71.0542918
42.35916,-71.0542918
42.35916,-71.0542918
42.35916,-71.0542918
42.35916,-71.0542918
42.3899,-70.99673
42.3899,-70.99673
42.3899,-70.99673
42.3899,-70.99673
42.3899,-70.99673
42.3899,-70.99673
42.3899,-70.99673
42.3899,-70.99673
42.3899,-70.99673
42.3899,-70.99673
42.3899,-70.99673
42.3899,-70.99673
42.3899,-70.99673
42.3702346,-71.0318682
42.3702346,-71.0318682
42.3702346,-71.0318682
42.3702346,-71.0318682
42.3702346,-71.0318682
42.3702346,-71.0318682
42.348492,-71.096725
42.348492,-71.096725
42.3128648,-71.1144241
42.3128648,-71.1144241
42.3128648,-71.1144241
42.3128648,-71.1144241
42.31144,-71.11466
42.31144,-71.11466
42.31144,-71.11466
42.36117,-71.05678
42.36117,-71.05678
42.2997,-71.0444
42.2997,-71.0444
42.2997,-71.0444
42.2997,-71.0444
42.2997,-71.0444
42.2997,-71.0444
42.2997,-71.0444
42.2997,-71.0444
42.2997,-71.0444
42.308431,-71.0580311
42.308431,-71.0580311
42.308431,-71.0580311
42.308431,-71.0580311
42.308431,-71.0580311
42.308431,-71.0580311
42.308431,-71.0580311
42.308431,-71.0580311
42.308431,-71.0580311
42.35412,-71.05898
42.34645,-71.0876
42.370607,-71.060502
42.370607,-71.060502
42.370607,-71.060502
42.370607,-71.060502
42.370607,-71.060502
42.3387641,-71.0988446
42.3387641,-71.0988446
42.3387641,-71.0988446
42.3387641,-71.0988446
42.3387641,-71.0988446
42.3387641,-71.0988446
42.3387641,-71.0988446
42.3387641,-71.0988446
42.3387641,-71.0988446
42.3387641,-71.0988446
42.3387641,-71.0988446
42.3387641,-71.0988446
42.3387641,-71.0988446
42.3387641,-71.0988446
42.3387641,-71.0988446
42.3387641,-71.0988446
42.3566305,-71.0542794
42.3566305,-71.0542794
42.3566305,-71.0542794
42.3566305,-71.0542794
42.3566305,-71.0542794
42.3566305,-71.0542794
42.348928,-71.040843
42.348936,-71.0384003
42.348936,-71.0384003
42.348936,-71.0384003
N/A,N/A
N/A,N/A
42.32199,-71.10926
42.32199,-71.10926
42.32199,-71.10926
42.32199,-71.10926
42.32199,-71.10926
42.348943,-71.064316
42.348943,-71.064316
42.348943,-71.064316
42.348943,-71.064316
42.348943,-71.064316
42.3500439,-71.0654632
42.3500439,-71.0654632
42.3500439,-71.0654632
42.3500439,-71.0654632
42.3500439,-71.0654632
42.3500439,-71.0654632
42.3500439,-71.0654632
42.3500439,-71.0654632
42.3486118,-71.0744381
42.3541473,-71.0620865
42.3541473,-71.0620865
42.3541473,-71.0620865
42.3541473,-71.0620865
42.3541473,-71.0620865
42.3541473,-71.0620865
42.3541473,-71.0620865
42.3541473,-71.0620865
42.3541473,-71.0620865
42.35477,-71.05613
42.35477,-71.05613
42.35477,-71.05613
42.35477,-71.05613
42.35477,-71.05613
42.35477,-71.05613
42.35477,-71.05613
42.3539864,-71.0623466
42.3539864,-71.0623466
42.3539864,-71.0623466
42.3539864,-71.0623466
42.3539864,-71.0623466
N/A,N/A
N/A,N/A
N/A,N/A
N/A,N/A
N/A,N/A
N/A,N/A
N/A,N/A
N/A,N/A
N/A,N/A
N/A,N/A
N/A,N/A
42.3673494,-71.0706033
42.3673494,-71.0706033
42.3673494,-71.0706033
42.3673494,-71.0706033
42.3673494,-71.0706033
42.3673494,-71.0706033
42.3673494,-71.0706033
42.3673494,-71.0706033
42.3414,-71.08034
42.3414,-71.08034
42.3646152,-71.0623829
42.3646152,-71.0623829
42.3646152,-71.0623829
42.3646152,-71.0623829
42.3646152,-71.0623829
42.3646152,-71.0623829
42.3646152,-71.0623829
42.3646152,-71.0623829
42.3646152,-71.0623829
42.3508712,-71.0755896
42.3508712,-71.0755896
N/A,N/A
42.3634087,-71.0256988
42.3540533,-71.1203353
42.3540533,-71.1203353
42.3525027,-71.1185806
42.364531,-71.055371
42.364531,-71.055371
42.364531,-71.055371
42.364531,-71.055371
42.364531,-71.055371
42.3357937,-71.0380895
42.31306,-71.05743
42.31306,-71.05743
42.31306,-71.05743
42.31306,-71.05743
42.31306,-71.05743
42.31306,-71.05743
42.375103,-71.037993
42.375103,-71.037993
42.375103,-71.037993
42.375103,-71.037993
42.375103,-71.037993
42.36652,-71.05788
42.36652,-71.05788
42.36652,-71.05788
42.3473122,-71.0944895
42.3473122,-71.0944895
42.3473122,-71.0944895
42.3473122,-71.0944895
42.3473122,-71.0944895
42.3473122,-71.0944895
42.3473122,-71.0944895
42.35491,-71.14966
42.35491,-71.14966
42.35491,-71.14966
42.35491,-71.14966
42.35491,-71.14966
42.35491,-71.14966
42.35491,-71.14966
42.35491,-71.14966
42.387,-71.0072
42.36414,-71.05435
42.36414,-71.05435
42.36414,-71.05435
42.36414,-71.05435
42.364098,-71.054401
42.364098,-71.054401
42.364098,-71.054401
42.364098,-71.054401
42.364098,-71.054401
42.3432579,-71.0725098
42.3432579,-71.0725098
42.28521,-71.09331
42.28521,-71.09331
42.28521,-71.09331
42.28521,-71.09331
42.35991,-71.063085
42.3438,-71.06631
42.373853,-71.038885
42.34284,-71.07861
42.34284,-71.07861
42.36467,-71.05276
42.36467,-71.05276
42.36467,-71.05276
42.3444411,-71.0712503
42.3444411,-71.0712503
42.3444411,-71.0712503
42.3444411,-71.0712503
42.3444411,-71.0712503
42.3444411,-71.0712503
42.3444411,-71.0712503
42.3444411,-71.0712503
42.3444411,-71.0712503
42.3444411,-71.0712503
42.35071,-71.04854
42.35071,-71.04854
42.3368424,-71.1515161
42.3368424,-71.1515161
42.36329,-71.0547
42.36329,-71.0547
42.36329,-71.0547
42.35098,-71.06046
42.3340965,-71.105481
42.3461402,-71.0679724
42.3461402,-71.0679724
42.3461402,-71.0679724
42.340107,-71.091002
42.340107,-71.091002
42.360131,-71.0549545
42.3472968,-71.0814575
42.37419,-71.06311
42.37419,-71.06311
42.37419,-71.06311
42.37419,-71.06311
42.3357702,-71.1499587
42.3357702,-71.1499587
42.3357702,-71.1499587
42.3357702,-71.1499587
42.3357702,-71.1499587
42.3357702,-71.1499587
42.3357702,-71.1499587
42.29983,-71.07452
42.29983,-71.07452
42.29983,-71.07452
42.29983,-71.07452
42.337071,-71.076601
42.3422019,-71.0850307
42.3422019,-71.0850307
42.3422019,-71.0850307
42.31909,-71.11164
42.31909,-71.11164
42.31909,-71.11164
42.35577,-71.05838
42.35577,-71.05838
42.35577,-71.05838
42.35577,-71.05838
42.35577,-71.05838
42.35577,-71.05838
42.348936,-71.0384003
42.348936,-71.0384003
42.348936,-71.0384003
42.348936,-71.0384003
42.348936,-71.0384003
42.348936,-71.0384003
42.31935,-71.11154
42.31935,-71.11154
42.31935,-71.11154
42.31935,-71.11154
42.31935,-71.11154
42.2870442,-71.1496645
42.2870442,-71.1496645
42.2870442,-71.1496645
42.2870442,-71.1496645
42.2870442,-71.1496645
42.2870442,-71.1496645
42.2870442,-71.1496645
42.3433084,-71.0649447
42.349345,-71.156794
42.349345,-71.156794
42.349345,-71.156794
42.33363,-71.1054913
42.33363,-71.1054913
42.309019,-71.083257
42.309019,-71.083257
42.3628412,-71.0598228
42.3628412,-71.0598228
42.34589,-71.08739
42.34589,-71.08739
42.34589,-71.08739
42.27601,-71.16725
42.27601,-71.16725
42.27601,-71.16725
42.27601,-71.16725
N/A,N/A
N/A,N/A
42.339039,-71.1064192
42.3552826,-71.0568423
42.35468,-71.05494
42.3593697,-71.0591842
42.3531232,-71.057423
42.33799,-71.10448
42.3591333,-71.0557381
42.3609854,-71.0664812
42.393484,-71.012976
42.348624,-71.075972
42.35489,-71.14476
42.35362,-71.05824
42.3437983,-71.1013987
42.3437983,-71.1013987
42.3437983,-71.1013987
42.3437983,-71.1013987
42.35199,-71.06439
42.35199,-71.06439
N/A,N/A
N/A,N/A
42.32707,-71.06681
42.32707,-71.06681
42.32707,-71.06681
42.32707,-71.06681
42.32707,-71.06681
42.2557895,-71.1229897
42.2557895,-71.1229897
42.35056,-71.04831
42.35056,-71.04831
42.34949,-71.08905
42.34949,-71.08905
42.34949,-71.08905
42.3402435,-71.1665017
42.3402435,-71.1665017
42.3418564,-71.0805609
42.3418564,-71.0805609
42.355123,-71.134062
42.355123,-71.134062
42.355123,-71.134062
42.3571726,-71.0596515
42.3571726,-71.0596515
42.3571726,-71.0596515
42.3533117,-71.1326672
42.3533117,-71.1326672
42.35044,-71.06535
42.35044,-71.06535
42.35044,-71.06535
42.35044,-71.06535
42.35044,-71.06535
42.35044,-71.06535
42.35044,-71.06535
42.35044,-71.06535
42.34626,-71.07288
42.34626,-71.07288
42.34626,-71.07288
42.3654011,-71.0586691
42.347065,-71.085643
42.347065,-71.085643
42.347065,-71.085643
42.347065,-71.085643
42.347065,-71.085643
42.347065,-71.085643
42.347065,-71.085643
42.347065,-71.085643
42.346771,-71.098711
42.346771,-71.098711
42.346771,-71.098711
42.346771,-71.098711
42.346771,-71.098711
42.346771,-71.098711
42.346771,-71.098711
42.346771,-71.098711
42.346771,-71.098711
42.346771,-71.098711
42.346771,-71.098711
42.3528028,-71.0445358
42.348439,-71.1341821
42.34645,-71.08526
42.34645,-71.08526
42.34645,-71.08526
42.34645,-71.08526
42.34645,-71.08526
42.34645,-71.08526
42.34645,-71.08526
42.34645,-71.08526
42.34645,-71.08526
42.3491586,-71.0724318
42.3491586,-71.0724318
42.3491586,-71.0724318
42.3491586,-71.0724318
42.3491586,-71.0724318
42.35036,-71.16704
42.35036,-71.16704
42.35036,-71.16704
42.35036,-71.16704
42.35036,-71.16704
42.35036,-71.16704
42.35036,-71.16704
42.35036,-71.16704
42.3406475,-71.0823202
42.3406475,-71.0823202
42.3406475,-71.0823202
42.3406475,-71.0823202
42.3406475,-71.0823202
42.3406475,-71.0823202
42.3473122,-71.0944895
42.3473122,-71.0944895
42.3473122,-71.0944895
42.3473122,-71.0944895
42.3473122,-71.0944895
42.3473122,-71.0944895
42.3473122,-71.0944895
42.3473122,-71.0944895
42.3473122,-71.0944895
42.3473122,-71.0944895
42.3473122,-71.0944895
42.3790205,-71.0398908
42.3790205,-71.0398908
42.3790205,-71.0398908
42.3790205,-71.0398908
42.35195,-71.06103
42.35195,-71.06103
42.35195,-71.06103
N/A,N/A
N/A,N/A
N/A,N/A
N/A,N/A
N/A,N/A
N/A,N/A
N/A,N/A
42.37264,-71.03526
42.37264,-71.03526
42.37264,-71.03526
42.34823,-71.0866
42.34823,-71.0866
42.34823,-71.0866
42.34823,-71.0866
42.3500439,-71.0654632
42.3500439,-71.0654632
42.3500439,-71.0654632
42.3500439,-71.0654632
42.3500439,-71.0654632
42.3500439,-71.0654632
42.3500439,-71.0654632
42.3500439,-71.0654632
42.3500439,-71.0654632
42.3500439,-71.0654632
42.3500439,-71.0654632
42.2823763,-71.0476587
42.2823763,-71.0476587
42.2823763,-71.0476587
42.2823763,-71.0476587
42.2823763,-71.0476587
42.3442382,-71.102181
42.3442382,-71.102181
42.3637281,-71.0549433
42.3637281,-71.0549433
42.3637281,-71.0549433
42.3637281,-71.0549433
42.3637281,-71.0549433
42.319179,-71.0775497
42.319179,-71.0775497
42.379336,-71.02807
42.3050668,-71.1144491
42.3050668,-71.1144491
42.3050668,-71.1144491
42.3050668,-71.1144491
42.3050668,-71.1144491
42.3050668,-71.1144491
42.3050668,-71.1144491
42.3050668,-71.1144491
42.3050668,-71.1144491
42.3050668,-71.1144491
42.35302,-71.13052
42.35302,-71.13052
42.35302,-71.13052
42.3542453,-71.0548401
42.3542453,-71.0548401
42.3542453,-71.0548401
42.3542453,-71.0548401
42.3542453,-71.0548401
42.3542453,-71.0548401
42.3542453,-71.0548401
42.3542453,-71.0548401
42.3542453,-71.0548401
42.3572546,-71.0595806
42.3572546,-71.0595806
42.3572546,-71.0595806
42.3572546,-71.0595806
42.3572546,-71.0595806
42.3572546,-71.0595806
42.3572546,-71.0595806
42.3572546,-71.0595806
42.3572546,-71.0595806
42.3572546,-71.0595806
42.3572546,-71.0595806
42.3572402,-71.0702696
42.3572402,-71.0702696
42.3572402,-71.0702696
42.3572402,-71.0702696
42.31979,-71.112
42.31979,-71.112
42.31979,-71.112
42.31979,-71.112
42.31979,-71.112
42.31979,-71.112
42.31979,-71.112
42.31979,-71.112
42.31979,-71.112
42.31979,-71.112
42.31979,-71.112
42.31979,-71.112
42.31979,-71.112
42.3561357,-71.0540683
42.3519036,-71.0374344
42.3519036,-71.0374344
42.3519036,-71.0374344
42.3519036,-71.0374344
42.3519036,-71.0374344
42.3757987,-71.0371016
42.3757987,-71.0371016
42.3757987,-71.0371016
42.3506882,-71.0646687
42.3506882,-71.0646687
42.3506882,-71.0646687
42.3506882,-71.0646687
42.3506882,-71.0646687
42.3506882,-71.0646687
42.3614958,-71.0564097
N/A,N/A
42.36385,-71.05146
42.36385,-71.05146
42.36411,-71.05372
42.36411,-71.05372
42.36411,-71.05372
42.36411,-71.05372
42.3495815,-71.0801592
42.3495815,-71.0801592
42.351449,-71.063415
42.351449,-71.063415
42.351449,-71.063415
42.351449,-71.063415
42.351449,-71.063415
42.351449,-71.063415
42.351449,-71.063415
42.3649942,-71.053068
42.3649942,-71.053068
42.3649942,-71.053068
42.3649942,-71.053068
42.3649942,-71.053068
42.2992392,-71.0605943
42.2992392,-71.0605943
42.2992392,-71.0605943
42.2992392,-71.0605943
42.2992392,-71.0605943
42.2992392,-71.0605943
42.2992392,-71.0605943
42.36298,-71.05557
42.36298,-71.05557
42.36298,-71.05557
42.36298,-71.05557
42.36298,-71.05557
42.36298,-71.05557
42.36298,-71.05557
42.36298,-71.05557
42.3642923,-71.0556293
42.3642923,-71.0556293
42.3642923,-71.0556293
42.3616,-71.05706
42.3616,-71.05706
42.3616,-71.05706
42.3616,-71.05706
42.3616,-71.05706
42.3616,-71.05706
42.3616,-71.05706
42.2708913,-71.1719016
42.2708913,-71.1719016
42.2708913,-71.1719016
42.2708913,-71.1719016
42.354873,-71.132348
42.354873,-71.132348
42.354873,-71.132348
42.354873,-71.132348
42.354873,-71.132348
42.354873,-71.132348
42.354873,-71.132348
42.354873,-71.132348
42.354873,-71.132348
42.354873,-71.132348
42.33471,-71.10204
42.33471,-71.10204
42.33471,-71.10204
42.33471,-71.10204
42.33471,-71.10204
42.3419897,-71.0870813
42.3419897,-71.0870813
42.3369367,-71.0758806
42.3369367,-71.0758806
42.3529022,-71.132981
42.3529022,-71.132981
42.3529022,-71.132981
42.3149,-71.11427
42.3499506,-71.0675006
42.3499506,-71.0675006
42.3499506,-71.0675006
42.3499506,-71.0675006
42.3499506,-71.0675006
42.3499506,-71.0675006
42.3499506,-71.0675006
42.3499506,-71.0675006
42.3499506,-71.0675006
42.3499506,-71.0675006
42.3499506,-71.0675006
42.3499506,-71.0675006
42.35468,-71.13543
42.3862674,-71.0073792
42.3862674,-71.0073792
42.3862674,-71.0073792
42.3862674,-71.0073792
42.3862674,-71.0073792
42.3862674,-71.0073792
42.3862674,-71.0073792
42.37889,-71.02888
42.37889,-71.02888
42.37889,-71.02888
42.37889,-71.02888
42.37889,-71.02888
42.37889,-71.02888
42.3587272,-71.0526042
42.3587272,-71.0526042
42.3587272,-71.0526042
42.3587272,-71.0526042
42.35426,-71.0566
42.3527603,-71.0431031
42.3527603,-71.0431031
42.3527603,-71.0431031
42.3527603,-71.0431031
42.3527603,-71.0431031
42.3527603,-71.0431031
42.3527603,-71.0431031
42.3527603,-71.0431031
42.3527603,-71.0431031
42.36968,-71.03866
42.36968,-71.03866
42.36968,-71.03866
42.36408,-71.05395
42.36408,-71.05395
42.36408,-71.05395
42.3482486,-71.0726908
42.3482486,-71.0726908
42.3482486,-71.0726908
42.3482486,-71.0726908
42.3482486,-71.0726908
42.3482486,-71.0726908
42.3482486,-71.0726908
42.3482486,-71.0726908
42.3482486,-71.0726908
42.3500337,-71.0785843
42.3500337,-71.0785843
42.3500337,-71.0785843
42.3500337,-71.0785843
42.3592655,-71.0528546
42.3592655,-71.0528546
42.3592655,-71.0528546
42.3592655,-71.0528546
42.3592655,-71.0528546
42.3592655,-71.0528546
42.3592655,-71.0528546
42.3592655,-71.0528546
42.3592655,-71.0528546
42.3506806,-71.0773616
42.3506806,-71.0773616
42.3506806,-71.0773616
42.280802,-71.1579113
42.280802,-71.1579113
42.280802,-71.1579113
42.280802,-71.1579113
42.280802,-71.1579113
42.280802,-71.1579113
42.280802,-71.1579113
42.3429936,-71.0993591
42.3429936,-71.0993591
42.3429936,-71.0993591
42.3429936,-71.0993591
42.3429936,-71.0993591
42.35464,-71.05374
42.35464,-71.05374
42.35464,-71.05374
42.35464,-71.05374
42.35464,-71.05374
42.35464,-71.05374
42.35464,-71.05374
42.35464,-71.05374
42.35464,-71.05374
42.35464,-71.05374
42.33113,-71.04634
42.33113,-71.04634
42.33113,-71.04634
42.33113,-71.04634
42.33113,-71.04634
42.33113,-71.04634
42.33113,-71.04634
42.33113,-71.04634
42.33113,-71.04634
42.33113,-71.04634
42.33113,-71.04634
42.3487922,-71.0862711
42.3487922,-71.0862711
42.3487922,-71.0862711
42.3487922,-71.0862711
42.3487922,-71.0862711
42.3487922,-71.0862711
42.31124,-71.11473
42.31124,-71.11473
42.31124,-71.11473
42.31124,-71.11473
42.31124,-71.11473
42.31124,-71.11473
42.3633797,-71.0539618
42.3633797,-71.0539618
42.3633797,-71.0539618
42.3633797,-71.0539618
42.3539029,-71.13703
42.3539029,-71.13703
42.2964342,-71.1568087
42.2964342,-71.1568087
42.37529,-71.0383
42.37529,-71.0383
42.3447972,-71.070981
42.3447972,-71.070981
42.3447972,-71.070981
42.3447972,-71.070981
42.3447972,-71.070981
42.3447972,-71.070981
42.3447972,-71.070981
42.36185,-71.06661
42.36185,-71.06661
42.36185,-71.06661
42.36185,-71.06661
42.36185,-71.06661
42.36185,-71.06661
42.36185,-71.06661
42.36185,-71.06661
42.36185,-71.06661
42.36185,-71.06661
42.3362675,-71.150135
42.3362675,-71.150135
42.34575,-71.10049
42.34575,-71.10049
42.34575,-71.10049
42.34575,-71.10049
42.34575,-71.10049
42.34575,-71.10049
42.3644441,-71.0626761
42.3644441,-71.0626761
42.3644441,-71.0626761
42.3644441,-71.0626761
42.3644441,-71.0626761
42.3644441,-71.0626761
42.34333,-71.06601
42.34333,-71.06601
42.3532432,-71.1366491
42.3532432,-71.1366491
42.363357,-71.054546
42.363357,-71.054546
42.363357,-71.054546
42.3506882,-71.0646687
42.3506882,-71.0646687
42.3506882,-71.0646687
42.3506882,-71.0646687
42.3506882,-71.0646687
42.3506882,-71.0646687
42.3538254,-71.1375953
42.3538254,-71.1375953
42.3538254,-71.1375953
42.3538254,-71.1375953
42.3538254,-71.1375953
42.3538254,-71.1375953
42.3538254,-71.1375953
42.3538254,-71.1375953
42.3538254,-71.1375953
42.3538254,-71.1375953
42.3507234,-71.0609638
42.3507234,-71.0609638
42.3166893,-71.0648212
42.3166893,-71.0648212
42.3166893,-71.0648212
42.3166893,-71.0648212
42.3166893,-71.0648212
42.3166893,-71.0648212
42.3166893,-71.0648212
42.3166893,-71.0648212
42.3166893,-71.0648212
42.3166893,-71.0648212
42.3281068,-71.0682326
42.3281068,-71.0682326
42.3281068,-71.0682326
42.342794,-71.066726
42.342794,-71.066726
42.342794,-71.066726
42.342794,-71.066726
42.342794,-71.066726
42.342794,-71.066726
42.342794,-71.066726
42.3533106,-71.1319613
42.3533106,-71.1319613
42.3533106,-71.1319613
42.357451,-71.0607003
42.357451,-71.0607003
42.357451,-71.0607003
42.357451,-71.0607003
42.357451,-71.0607003
42.357451,-71.0607003
42.357451,-71.0607003
42.357451,-71.0607003
42.3602144,-71.0506765
42.3602144,-71.0506765
42.3602144,-71.0506765
42.3602144,-71.0506765
42.3602144,-71.0506765
42.3602144,-71.0506765
42.3602144,-71.0506765
42.3602144,-71.0506765
42.3602144,-71.0506765
42.3602144,-71.0506765
42.3602144,-71.0506765
42.3482389,-71.0850503
42.3482389,-71.0850503
42.3482389,-71.0850503
42.3482389,-71.0850503
42.3482389,-71.0850503
42.3482389,-71.0850503
42.3482389,-71.0850503
42.3482389,-71.0850503
42.3482389,-71.0850503
42.37986,-71.02689
42.37986,-71.02689
42.37986,-71.02689
42.37986,-71.02689
42.3494031,-71.0719116
42.3494031,-71.0719116
42.3494031,-71.0719116
42.3485797,-71.0744597
42.3485797,-71.0744597
42.3485797,-71.0744597
42.3485797,-71.0744597
42.363046,-71.055013
42.363046,-71.055013
42.363046,-71.055013
42.2874676,-71.1498128
42.2874676,-71.1498128
42.35128,-71.07865
42.35128,-71.07865
42.35128,-71.07865
42.35128,-71.07865
42.35128,-71.07865
42.3643383,-71.0541563
42.3643383,-71.0541563
42.3643383,-71.0541563
42.3643383,-71.0541563
42.3594403,-71.0537902
42.3594403,-71.0537902
42.3594403,-71.0537902
42.3594403,-71.0537902
42.353,-71.06405
42.353,-71.06405
42.353,-71.06405
42.353,-71.06405
42.33579,-71.03757
42.33579,-71.03757
42.33579,-71.03757
42.369961,-71.039351
42.369961,-71.039351
42.3762318,-71.0356291
42.3762318,-71.0356291
42.3762318,-71.0356291
42.333112,-71.027318
42.333112,-71.027318
42.333112,-71.027318
42.333112,-71.027318
N/A,N/A
42.35185,-71.06243
42.35185,-71.06243
42.35185,-71.06243
42.3512632,-71.0643392
42.3512632,-71.0643392
42.3512632,-71.0643392
42.3512632,-71.0643392
42.3512632,-71.0643392
42.3512632,-71.0643392
42.3512632,-71.0643392
42.342037,-71.0863653
42.342037,-71.0863653
42.342037,-71.0863653
42.342037,-71.0863653
42.342037,-71.0863653
42.342037,-71.0863653
42.342037,-71.0863653
42.342037,-71.0863653
42.30646,-71.06651
42.30646,-71.06651
42.30646,-71.06651
42.30646,-71.06651
42.30646,-71.06651
42.36522,-71.05526
42.36522,-71.05526
42.36522,-71.05526
42.36002,-71.11832
42.36002,-71.11832
42.36002,-71.11832
42.36002,-71.11832
42.36002,-71.11832
42.36002,-71.11832
42.36002,-71.11832
42.36002,-71.11832
42.37608,-71.0361
42.37608,-71.0361
42.37608,-71.0361
42.37608,-71.0361
42.3591987,-71.0271917
42.3591987,-71.0271917
42.3591987,-71.0271917
42.3591987,-71.0271917
42.3591987,-71.0271917
42.3591987,-71.0271917
42.3591987,-71.0271917
42.3591987,-71.0271917
42.3591987,-71.0271917
42.3568861,-71.0599391
42.3568861,-71.0599391
42.3568861,-71.0599391
42.3568861,-71.0599391
42.3568861,-71.0599391
42.3568861,-71.0599391
42.3747,-71.06553
42.3747,-71.06553
42.3747,-71.06553
42.3747,-71.06553
42.35315,-71.06403
42.35315,-71.06403
42.35315,-71.06403
42.35315,-71.06403
42.34874,-71.083445
42.34874,-71.083445
42.34874,-71.083445
42.34874,-71.083445
42.34874,-71.083445
42.335446,-71.036215
42.335446,-71.036215
42.335446,-71.036215
42.335446,-71.036215
42.335446,-71.036215
42.335446,-71.036215
42.335446,-71.036215
42.3738839,-71.0628072
42.3738839,-71.0628072
42.3738839,-71.0628072
42.3738839,-71.0628072
42.3738839,-71.0628072
42.3738839,-71.0628072
42.3738839,-71.0628072
42.3738839,-71.0628072
42.370207,-71.039361
42.370207,-71.039361
42.370207,-71.039361
42.370207,-71.039361
42.3190249,-71.045007
42.3190249,-71.045007
42.3190249,-71.045007
42.3190249,-71.045007
42.3190249,-71.045007
42.34935,-71.08121
42.34935,-71.08121
42.34935,-71.08121
42.353895,-71.048576
42.353895,-71.048576
42.353895,-71.048576
42.353895,-71.048576
42.353895,-71.048576
42.353895,-71.048576
42.337071,-71.076601
42.337071,-71.076601
N/A,N/A
N/A,N/A
N/A,N/A
42.35061,-71.07967
42.35061,-71.07967
42.3044007,-71.0589612
42.3044007,-71.0589612
N/A,N/A
N/A,N/A
N/A,N/A
N/A,N/A
42.350867,-71.103634
42.350867,-71.103634
42.350867,-71.103634
42.350867,-71.103634
42.32643,-71.06498
42.32643,-71.06498
42.363223,-71.054789
42.363223,-71.054789
42.363223,-71.054789
42.363223,-71.054789
42.363223,-71.054789
42.363223,-71.054789
42.348545,-71.077314
42.348545,-71.077314
42.348545,-71.077314
42.348545,-71.077314
42.348545,-71.077314
42.348545,-71.077314
42.348545,-71.077314
42.348545,-71.077314
42.348545,-71.077314
42.348545,-71.077314
42.348545,-71.077314
42.348545,-71.077314
42.348545,-71.077314
42.35032,-71.13187
42.353086,-71.063336
42.353086,-71.063336
42.353086,-71.063336
42.353086,-71.063336
42.353086,-71.063336
42.353086,-71.063336
42.353086,-71.063336
42.353086,-71.063336
42.353086,-71.063336
42.3429383,-71.0688908
42.3429383,-71.0688908
42.3429383,-71.0688908
42.3429383,-71.0688908
42.3447441,-71.09829
42.3447441,-71.09829
42.3447441,-71.09829
42.3447441,-71.09829
42.3440089,-71.0987841
42.3440089,-71.0987841
42.33635,-71.04755
42.33635,-71.04755
42.33635,-71.04755
42.33635,-71.04755
42.35193,-71.07166
42.35193,-71.07166
42.35193,-71.07166
42.3517934,-71.0496441
42.3517934,-71.0496441
42.3517934,-71.0496441
42.3517934,-71.0496441
42.3517934,-71.0496441
42.3517934,-71.0496441
42.352212,-71.067951
42.352212,-71.067951
42.352212,-71.067951
42.352212,-71.067951
42.352212,-71.067951
42.352212,-71.067951
42.352212,-71.067951
42.352212,-71.067951
42.34686,-71.08089
42.34686,-71.08089
42.343447,-71.068707
42.3353329,-71.0423342
42.3353329,-71.0423342
42.36168,-71.05704
42.36168,-71.05704
42.36168,-71.05704
42.36168,-71.05704
42.36168,-71.05704
42.36168,-71.05704
42.36168,-71.05704
42.36168,-71.05704
42.36168,-71.05704
42.36168,-71.05704
42.34924,-71.0816
42.34924,-71.0816
42.34924,-71.0816
42.35234,-71.06703
42.35234,-71.06703
42.346952,-71.088046
42.346952,-71.088046
42.33799,-71.10448
42.33799,-71.10448
42.3579893,-71.0560026
42.3579893,-71.0560026
42.35426,-71.0566
42.35426,-71.0566
42.3492623,-71.0797202
42.3492623,-71.0797202
42.3492623,-71.0797202
42.3492623,-71.0797202
42.3492623,-71.0797202
42.291766,-71.0403654
42.291766,-71.0403654
42.291766,-71.0403654
42.291766,-71.0403654
42.3606993,-71.0563422
42.3606993,-71.0563422
42.3606993,-71.0563422
42.3606993,-71.0563422
42.3606993,-71.0563422
42.3606993,-71.0563422
42.3400479,-71.0888916
42.3400479,-71.0888916
42.3400479,-71.0888916
42.3400479,-71.0888916
42.3400479,-71.0888916
42.3400479,-71.0888916
42.3400479,-71.0888916
42.3400479,-71.0888916
42.3400479,-71.0888916
42.3400479,-71.0888916
42.341323,-71.084481
42.341323,-71.084481
42.350198,-71.166855
42.350198,-71.166855
N/A,N/A
N/A,N/A
N/A,N/A
42.2850838,-71.1293495
42.2850838,-71.1293495
42.2850838,-71.1293495
42.2850838,-71.1293495
42.2850838,-71.1293495
42.35811,-71.05933
42.35811,-71.05933
42.35811,-71.05933
42.35811,-71.05933
42.34533,-71.10015
42.34533,-71.10015
42.34533,-71.10015
42.35059,-71.04938
42.35059,-71.04938
42.3496663,-71.1006783
42.3496663,-71.1006783
42.3496663,-71.1006783
42.3496663,-71.1006783
42.3496663,-71.1006783
42.3496663,-71.1006783
42.3496663,-71.1006783
42.36459,-71.05254
42.3496663,-71.1006783
42.36459,-71.05254
42.3583363,-71.0625811
42.3583363,-71.0625811
42.3583363,-71.0625811
42.3583363,-71.0625811
42.2986053,-71.0575785
42.2986053,-71.0575785
42.2986053,-71.0575785
42.2986053,-71.0575785
42.2986053,-71.0575785
42.2986053,-71.0575785
42.2986053,-71.0575785
42.2986053,-71.0575785
42.2842086,-71.0644731
42.2842086,-71.0644731
42.2842086,-71.0644731
42.36397,-71.05454
42.36397,-71.05454
42.36397,-71.05454
42.36402,-71.0545
42.36402,-71.0545
42.3512407,-71.0647122
42.3512407,-71.0647122
42.3512407,-71.0647122
42.3512407,-71.0647122
42.3601998,-71.0547982
42.3601998,-71.0547982
42.3601998,-71.0547982
42.3601998,-71.0547982
42.35838,-71.07042
42.36407,-71.05331
42.36407,-71.05331
42.36407,-71.05331
42.36407,-71.05331
42.36455,-71.05571
42.36455,-71.05571
42.36455,-71.05571
42.36455,-71.05571
42.36455,-71.05571
42.3636001,-71.0550601
42.3636001,-71.0550601
42.3636001,-71.0550601
42.3636001,-71.0550601
42.3636001,-71.0550601
42.3480176,-71.035836
42.3480176,-71.035836
42.3480176,-71.035836
42.3480176,-71.035836
42.36427,-71.05536
42.36427,-71.05536
42.36427,-71.05536
42.36421,-71.05536
42.36421,-71.05536
42.36421,-71.05536
42.3637428,-71.055591
42.3637428,-71.055591
42.3637428,-71.055591
42.364054,-71.0557336
42.364054,-71.0557336
42.364054,-71.0557336
42.364054,-71.0557336
42.3440499,-71.0779069
42.3440499,-71.0779069
42.3440499,-71.0779069
42.3440499,-71.0779069
42.3440499,-71.0779069
42.31595,-71.06596
42.31595,-71.06596
42.3631996,-71.0554335
42.3631996,-71.0554335
42.3631996,-71.0554335
42.3631996,-71.0554335
42.3631996,-71.0554335
42.2964342,-71.1568087
42.2964342,-71.1568087
42.2964342,-71.1568087
42.2964342,-71.1568087
42.35927,-71.05643
42.35927,-71.05643
42.35927,-71.05643
42.35927,-71.05643
42.35927,-71.05643
42.35927,-71.05643
42.35927,-71.05643
42.3511433,-71.0689496
42.3511433,-71.0689496
42.3511433,-71.0689496
42.3511433,-71.0689496
42.3511433,-71.0689496
42.3669633,-71.0581809
42.3669633,-71.0581809
42.3669633,-71.0581809
42.3669633,-71.0581809
42.3669633,-71.0581809
42.3669633,-71.0581809
42.3669633,-71.0581809
42.34376,-71.07146
42.3576924,-71.0528742
42.3576924,-71.0528742
42.3576924,-71.0528742
42.3576924,-71.0528742
42.3477327,-71.1382899
42.3477327,-71.1382899
42.3477327,-71.1382899
42.3562862,-71.0575007
42.3562862,-71.0575007
42.3383194,-71.070697
42.3383194,-71.070697
42.3358153,-71.0453493
42.3358153,-71.0453493
42.3358153,-71.0453493
42.3636274,-71.0612902
42.3636274,-71.0612902
42.3636274,-71.0612902
42.3636274,-71.0612902
42.3636274,-71.0612902
42.3636274,-71.0612902
42.3636274,-71.0612902
42.3636274,-71.0612902
42.3636274,-71.0612902
42.3507741,-71.058375
42.3507741,-71.058375
42.3507741,-71.058375
42.3507741,-71.058375
42.3507741,-71.058375
42.3507741,-71.058375
42.3537033,-71.0529878
42.3537033,-71.0529878
42.3537033,-71.0529878
42.3537033,-71.0529878
42.36388,-71.05416
42.36388,-71.05416
42.355123,-71.134062
42.355123,-71.134062
42.3609858,-71.0666107
42.3609858,-71.0666107
42.3609858,-71.0666107
42.3479421,-71.0395126
42.3479421,-71.0395126
42.3479421,-71.0395126
42.3479421,-71.0395126
42.3479421,-71.0395126
42.3479421,-71.0395126
42.3479421,-71.0395126
42.3479421,-71.0395126
42.3479421,-71.0395126
42.3223372,-71.1092705
42.3223372,-71.1092705
42.3223372,-71.1092705
42.25647,-71.12031
42.25647,-71.12031
42.25647,-71.12031
42.25647,-71.12031
42.25647,-71.12031
42.25647,-71.12031
42.25647,-71.12031
42.25647,-71.12031
42.25647,-71.12031
42.36564,-71.0527
42.36564,-71.0527
42.36564,-71.0527
42.36564,-71.0527
42.36564,-71.0527
42.37273,-71.0392
42.37273,-71.0392
42.37273,-71.0392
42.37273,-71.0392
42.293937,-71.13618
42.293937,-71.13618
42.293937,-71.13618
42.293937,-71.13618
42.293937,-71.13618
42.293937,-71.13618
42.38393,-71.07064
42.3645334,-71.0613912
42.3645334,-71.0613912
42.3645334,-71.0613912
42.3645334,-71.0613912
42.3645334,-71.0613912
42.3645334,-71.0613912
42.3645334,-71.0613912
42.3645334,-71.0613912
42.34646,-71.07528
42.34646,-71.07528
42.34646,-71.07528
42.28738,-71.1492
42.28738,-71.1492
42.25975,-71.15842
42.25975,-71.15842
42.25975,-71.15842
42.25975,-71.15842
42.25975,-71.15842
42.25975,-71.15842
42.25975,-71.15842
42.36328,-71.05408
42.36328,-71.05408
42.36328,-71.05408
42.3358,-71.03763
42.3358,-71.03763
42.3090427,-71.1051557
N/A,N/A
N/A,N/A
42.338415,-71.049876
42.338415,-71.049876
42.338415,-71.049876
42.338415,-71.049876
42.338415,-71.049876
42.338415,-71.049876
42.338415,-71.049876
42.338415,-71.049876
42.338415,-71.049876
42.34209,-71.07029
42.34209,-71.07029
42.34209,-71.07029
42.34209,-71.07029
42.364374,-71.061546
42.364374,-71.061546
42.364374,-71.061546
42.364374,-71.061546
42.364374,-71.061546
42.364374,-71.061546
42.364374,-71.061546
42.364374,-71.061546
42.364374,-71.061546
42.3475481,-71.0843514
42.3475481,-71.0843514
42.3406809,-71.151776
42.3406809,-71.151776
N/A,N/A
N/A,N/A
N/A,N/A
N/A,N/A
N/A,N/A
N/A,N/A
42.3122147,-71.0571913
42.3122147,-71.0571913
42.3122147,-71.0571913
42.3122147,-71.0571913
42.3122147,-71.0571913
42.3122147,-71.0571913
42.3122147,-71.0571913
42.3122147,-71.0571913
42.3122147,-71.0571913
42.3535075,-71.1334696
42.336527,-71.149151
42.35762,-71.06279
42.35071,-71.04854
42.35071,-71.04854
42.3639042,-71.0547684
42.3488226,-71.0720987
42.3488226,-71.0720987
42.3488226,-71.0720987
42.3488226,-71.0720987
42.3512257,-71.0625628
42.3632102,-71.0548098
42.3632102,-71.0548098
42.3632102,-71.0548098
42.34551,-71.08107
42.34551,-71.08107
42.34551,-71.08107
42.34551,-71.08107
42.34551,-71.08107
42.34551,-71.08107
42.34551,-71.08107
42.32662,-71.0583
42.32662,-71.0583
42.32662,-71.0583
42.32662,-71.0583
42.32662,-71.0583
42.3467794,-71.0761003
42.3467794,-71.0761003
42.27724,-71.17261
42.27724,-71.17261
42.27724,-71.17261
42.338556,-71.075908
42.338556,-71.075908
42.31897,-71.05648
42.31897,-71.05648
42.31897,-71.05648
42.31897,-71.05648
42.31897,-71.05648
42.3693712,-71.0403227
42.3693712,-71.0403227
42.3693712,-71.0403227
42.3693712,-71.0403227
42.3440963,-71.0778474
42.3440963,-71.0778474
42.3646689,-71.0538306
42.3646689,-71.0538306
42.3563262,-71.0518761
N/A,N/A
N/A,N/A
N/A,N/A
42.35075,-71.13098
42.35075,-71.13098
42.35075,-71.13098
42.35075,-71.13098
N/A,N/A
N/A,N/A
N/A,N/A
42.3511205,-71.0775806
42.3511205,-71.0775806
42.3511205,-71.0775806
42.3059086,-71.0585995
42.3059086,-71.0585995
42.3059086,-71.0585995
42.3059086,-71.0585995
42.3059086,-71.0585995
42.3059086,-71.0585995
42.3059086,-71.0585995
42.3059086,-71.0585995
42.3059086,-71.0585995
42.343895,-71.071263
42.3572325,-71.0609793
42.3572325,-71.0609793
42.3572325,-71.0609793
42.3572325,-71.0609793
42.3572325,-71.0609793
42.3572325,-71.0609793
42.3572325,-71.0609793
42.3572325,-71.0609793
42.3572325,-71.0609793
42.3572325,-71.0609793
N/A,N/A
N/A,N/A
N/A,N/A
N/A,N/A
N/A,N/A
42.3765263,-71.0337987
42.3765263,-71.0337987
42.34811,-71.08715
42.34811,-71.08715
42.3462432,-71.0752001
42.3462432,-71.0752001
42.3462432,-71.0752001
42.3462432,-71.0752001
42.3462432,-71.0752001
42.3462432,-71.0752001
42.3389033,-71.0759496
42.3389033,-71.0759496
42.35049,-71.168372
42.35049,-71.168372
42.3656102,-71.0559701
42.3656102,-71.0559701
42.3656102,-71.0559701
42.3656102,-71.0559701
42.3656102,-71.0559701
42.3656102,-71.0559701
42.28632,-71.154101
42.28632,-71.154101
42.28632,-71.154101
N/A,N/A
N/A,N/A
N/A,N/A
42.35145,-71.06456
42.35145,-71.06456
42.296407,-71.157202
42.28635,-71.09111
42.28635,-71.09111
42.28635,-71.09111
42.28635,-71.09111
42.28635,-71.09111
42.28635,-71.09111
42.3497298,-71.0811552
42.3497298,-71.0811552
42.3609638,-71.068039
42.3609638,-71.068039
42.3609638,-71.068039
42.3609638,-71.068039
42.3462194,-71.0430994
42.3462194,-71.0430994
42.3462194,-71.0430994
42.3462194,-71.0430994
42.3491637,-71.1395913
42.3491637,-71.1395913
42.3491637,-71.1395913
42.3491637,-71.1395913
42.3491637,-71.1395913
42.3491637,-71.1395913
42.3491637,-71.1395913
N/A,N/A
N/A,N/A
N/A,N/A
42.3526,-71.1306
42.3526,-71.1306
42.3526,-71.1306
42.3526,-71.1306
42.3526,-71.1306
42.3526,-71.1306
42.3526,-71.1306
42.3526,-71.1306
42.3526,-71.1306
42.3526,-71.1306
42.3526,-71.1306
42.370601,-71.038751
42.370601,-71.038751
42.370601,-71.038751
42.370601,-71.038751
42.3497843,-71.101644
42.3497843,-71.101644
42.35709,-71.05891
42.360951,-71.06816
42.360951,-71.06816
42.3547373,-71.0543409
42.3547373,-71.0543409
42.35594,-71.07128
42.35594,-71.07128
42.35594,-71.07128
42.35594,-71.07128
42.3491035,-71.0388892
42.3491035,-71.0388892
42.3491035,-71.0388892
42.3491035,-71.0388892
42.3491035,-71.0388892
42.3491035,-71.0388892
42.3559817,-71.0712993
42.3559817,-71.0712993
42.3559817,-71.0712993
42.3559817,-71.0712993
42.3559817,-71.0712993
42.3559817,-71.0712993
42.3559817,-71.0712993
42.34989,-71.13029
42.3430771,-71.0991101
42.3430771,-71.0991101
42.33653,-71.14929
42.3304887,-71.0567306
42.3304887,-71.0567306
42.3304887,-71.0567306
42.3304887,-71.0567306
42.3304887,-71.0567306
42.3304887,-71.0567306
42.3304887,-71.0567306
42.3304887,-71.0567306
42.3304887,-71.0567306
42.3304887,-71.0567306
42.3738194,-71.062697
42.3738194,-71.062697
42.3738194,-71.062697
42.3738194,-71.062697
42.3738194,-71.062697
42.3738194,-71.062697
42.3738194,-71.062697
42.3738194,-71.062697
42.3738194,-71.062697
42.3738194,-71.062697
42.3738194,-71.062697
N/A,N/A
N/A,N/A
42.3438019,-71.0723509
42.3438019,-71.0723509
42.34859,-71.08869
42.35778,-71.14858
42.35778,-71.14858
42.35778,-71.14858
42.35778,-71.14858
42.35778,-71.14858
42.35778,-71.14858
42.35778,-71.14858
42.35778,-71.14858
42.3650591,-71.0553783
42.3650591,-71.0553783
42.36732,-71.05335
42.36732,-71.05335
42.36732,-71.05335
42.3415733,-71.0696076
42.3415733,-71.0696076
42.3415733,-71.0696076
42.3583983,-71.0619671
42.3583983,-71.0619671
42.3583983,-71.0619671
42.3583983,-71.0619671
42.3583983,-71.0619671
42.3583983,-71.0619671
42.3583983,-71.0619671
42.287388,-71.127396
42.287388,-71.127396
42.287388,-71.127396
42.287388,-71.127396
42.287388,-71.127396
42.287388,-71.127396
42.287388,-71.127396
42.287388,-71.127396
42.3583854,-71.0539489
42.3583854,-71.0539489
42.3583854,-71.0539489
42.3583854,-71.0539489
42.3583854,-71.0539489
42.3583854,-71.0539489
42.2585299,-71.1237606
42.2585299,-71.1237606
42.367069,-71.058082
42.367069,-71.058082
42.349544,-71.083565
42.349544,-71.083565
42.3870082,-71.0073512
42.2872149,-71.1276597
42.3506328,-71.0493836
42.3506328,-71.0493836
42.3506328,-71.0493836
42.3496321,-71.0833098
42.3496321,-71.0833098
42.3499,-71.15277
42.3499,-71.15277
42.3499,-71.15277
42.3499,-71.15277
42.3499,-71.15277
42.350585,-71.058431
42.350585,-71.058431
42.350585,-71.058431
42.350585,-71.058431
42.350585,-71.058431
42.350585,-71.058431
42.3415528,-71.1542786
42.3415528,-71.1542786
42.3415528,-71.1542786
N/A,N/A
42.351541,-71.067431
42.351541,-71.067431
42.351541,-71.067431
42.351541,-71.067431
42.3507079,-71.0699218
42.3507079,-71.0699218
42.3507079,-71.0699218
42.3507079,-71.0699218
42.3507079,-71.0699218
42.3507079,-71.0699218
42.3507079,-71.0699218
42.3492,-71.08312
42.3492,-71.08312
42.3492,-71.08312
42.3492,-71.08312
42.2868676,-71.1273903
42.2868676,-71.1273903
42.2868676,-71.1273903
42.348559,-71.0722908
42.348559,-71.0722908
42.348559,-71.0722908
42.348559,-71.0722908
42.348559,-71.0722908
42.348559,-71.0722908
42.348559,-71.0722908
42.348559,-71.0722908
42.348559,-71.0722908
42.348559,-71.0722908
42.34741,-71.10321
42.34741,-71.10321
42.34741,-71.10321
42.34912,-71.08342
42.34912,-71.08342
42.34912,-71.08342
42.35825,-71.06224
42.35825,-71.06224
42.35825,-71.06224
42.3491586,-71.0724318
42.3491586,-71.0724318
42.3491586,-71.0724318
42.3491586,-71.0724318
42.348878,-71.152342
42.348878,-71.152342
42.348878,-71.152342
42.348878,-71.152342
42.348878,-71.152342
42.351561,-71.073022
42.351561,-71.073022
42.3639985,-71.0505785
42.30961,-71.06238
42.3653386,-71.0598524
42.3653386,-71.0598524
42.3653386,-71.0598524
42.3382163,-71.1065612
42.3382163,-71.1065612
42.3382163,-71.1065612
42.3382163,-71.1065612
42.3382163,-71.1065612
42.3382163,-71.1065612
42.3382163,-71.1065612
42.3382163,-71.1065612
42.3474904,-71.0979887
42.3474904,-71.0979887
42.3474904,-71.0979887
42.3474904,-71.0979887
42.3474904,-71.0979887
42.3474904,-71.0979887
42.3474904,-71.0979887
42.3474904,-71.0979887
42.3474904,-71.0979887
N/A,N/A
N/A,N/A
N/A,N/A
N/A,N/A
N/A,N/A
N/A,N/A
42.3731723,-71.0500923
42.3731723,-71.0500923
42.3731723,-71.0500923
42.3731723,-71.0500923
N/A,N/A
N/A,N/A
42.364676,-71.0556585
42.364676,-71.0556585
42.37348,-71.03925
42.37348,-71.03925
42.37348,-71.03925
42.37348,-71.03925
42.37348,-71.03925
42.3627715,-71.0552065
42.3627715,-71.0552065
42.3627715,-71.0552065
42.3627715,-71.0552065
42.3442874,-71.0361239
42.3442874,-71.0361239
42.3442874,-71.0361239
42.346842,-71.088506
42.346842,-71.088506
42.36418,-71.05538
42.36418,-71.05538
42.36418,-71.05538
42.36418,-71.05538
42.346919,-71.0341579
42.346919,-71.0341579
42.346919,-71.0341579
42.346919,-71.0341579
42.346919,-71.0341579
42.37587,-71.03869
42.3499646,-71.0654671
42.3499646,-71.0654671
42.3499646,-71.0654671
42.3499646,-71.0654671
42.3499646,-71.0654671
42.3499646,-71.0654671
42.3499646,-71.0654671
42.3499646,-71.0654671
42.3499646,-71.0654671
42.357234,-71.070195
42.357234,-71.070195
42.357234,-71.070195
42.3424544,-71.0568807
42.3424544,-71.0568807
42.344895,-71.100697
42.344895,-71.100697
42.358703,-71.052672
42.358703,-71.052672
42.358703,-71.052672
42.358703,-71.052672
42.358703,-71.052672
42.358703,-71.052672
42.358703,-71.052672
42.358703,-71.052672
42.353531,-71.062736
42.353531,-71.062736
42.353531,-71.062736
42.353531,-71.062736
42.34733,-71.09499
42.34733,-71.09499
42.34733,-71.09499
42.34733,-71.09499
42.34733,-71.09499
42.34733,-71.09499
42.34733,-71.09499
42.34733,-71.09499
42.35838,-71.06178
42.35838,-71.06178
42.35838,-71.06178
42.35838,-71.06178
42.35838,-71.06178
42.35838,-71.06178
42.35838,-71.06178
42.35838,-71.06178
42.29799,-71.04993
42.29799,-71.04993
42.29799,-71.04993
42.29799,-71.04993
42.29799,-71.04993
42.29799,-71.04993
42.29799,-71.04993
42.36338,-71.05517
42.36338,-71.05517
42.36338,-71.05517
42.357778,-71.0601098
42.357778,-71.0601098
42.357778,-71.0601098
42.357778,-71.0601098
42.357778,-71.0601098
42.357778,-71.0601098
42.357778,-71.0601098
42.28608,-71.06473
42.28608,-71.06473
42.28608,-71.06473
42.27366,-71.1693
42.27366,-71.1693
42.27366,-71.1693
42.27366,-71.1693
42.27366,-71.1693
42.27366,-71.1693
42.27366,-71.1693
42.27366,-71.1693
42.27366,-71.1693
42.3604938,-71.0549427
42.3604938,-71.0549427
42.3616,-71.05706
42.3616,-71.05706
42.3616,-71.05706