latitude,longitude,,,
42.3182512,-71.0570022,,,
42.38357,-71.07435,,,
42.317474,-71.064048,,,
42.355647,-71.062559,,,
42.3522725,-71.0670979,,,
42.2443713,-71.1323638,,,
42.3485916,-71.0854016,,,
42.353291,-71.132319,,,
42.3743217,-71.0399387,,,
42.3494887,-71.1637046,,,
42.35228,-71.06613,,,
N/A,N/A,,,
42.30114,-71.05975,,,
42.35902,-71.05794,,,
42.3366245,-71.1488501,,,
42.3128345,-71.1014787,,,
42.29104,-71.07436,,,
42.3529474,-71.1296157,,,
42.3018809,-71.0602098,,,
42.3645399,-71.0218174,,,
42.3407973,-71.0543392,,,
42.35164,-71.06159,,,
42.29918,-71.05818,,,
42.3359055,-71.07415,,,
N/A,N/A,,,
42.30601,-71.11473,,,
42.33638,-71.14983,,,
42.3502695,-71.0450706,,,
42.3537233,-71.1397233,,,
N/A,N/A,,,
42.3449604,-71.0376773,,,
42.37368,-71.03926,,,
42.349614,-71.081609,,,
42.3323132,-71.0532962,,,
42.35151,-71.13137,,,
42.3445761,-71.0996098,,,
N/A,N/A,,,
42.3431053,-71.0532186,,,
42.34938,-71.084014,,,
42.31581,-71.06265,,,
42.3601165,-71.0579002,,,
42.3359317,-71.0467997,,,
42.36339,-71.05612,,,
42.36456,-71.05537,,,
42.3145933,-71.1038156,,,
42.26707,-71.0946096,,,
N/A,N/A,,,
42.3609306,-71.0684862,,,
N/A,N/A,,,
42.2765,-71.1654,,,
42.345093,-71.070411,,,
42.34261,-71.07464,,,
42.3743217,-71.0399387,,,
42.3645399,-71.0218174,,,
42.370018,-71.039263,,,
42.3438342,-71.0993781,,,
42.32175,-71.11029,,,
42.3514955,-71.0441879,,,
42.3637,-71.13638,,,
42.36216,-71.05749,,,
42.36216,-71.05749,,,
42.268249,-71.0930115,,,
42.32709,-71.06764,,,
42.25613,-71.12304,,,
42.2854,-71.129,,,
42.3544654,-71.0552987,,,
42.36003,-71.05319,,,
42.3271518,-71.0613939,,,
42.342447,-71.054567,,,
42.3498023,-71.0420215,,,
42.35191,-71.11889,,,
N/A,N/A,,,
42.368196,-71.0410907,,,
42.361921,-71.145175,,,
42.3381389,-71.0492054,,,
42.31045,-71.06204,,,
42.3442395,-71.0311336,,,
42.25591,-71.12451,,,
N/A,N/A,,,
N/A,N/A,,,
42.3544654,-71.0552987,,,
42.3803889,-71.039,,,
42.2961606,-71.0872012,,,
42.359276,-71.062359,,,
42.33363,-71.10549,,,
42.3538769,-71.1371676,,,
42.34338,-71.08295,,,
N/A,N/A,,,
42.31239,-71.08272,,,
N/A,N/A,,,
42.35612,-71.1622016,,,
42.2714167,-71.1042789,,,
42.3801974,-71.0722733,,,
42.3350736,-71.0572047,,,
42.36216,-71.05749,,,
42.364414,-71.055372,,,
42.3118143,-71.0538151,,,
42.3304463,-71.0820308,,,
42.2997,-71.0444,,,
42.2443713,-71.1323638,,,
42.3445415,-71.1027656,,,
42.3352334,-71.0352198,,,
42.3477842,-71.0375713,,,
42.3472968,-71.0814575,,,
42.2620785,-71.1085684,,,
42.3364178,-71.0555673,,,
42.3632443,-71.1245257,,,
42.3096055,-71.0822586,,,
42.2921262,-71.0790903,,,
N/A,N/A,,,
42.33687,-71.05605,,,
42.3419875,-71.0864599,,,
42.3524111,-71.1253295,,,
42.3362212,-71.1004278,,,
42.3543973,-71.0634282,,,
42.3264934,-71.0878602,,,
42.34594,-71.0709,,,
42.335067,-71.103716,,,
42.299882,-71.058388,,,
42.34918,-71.08319,,,
42.3445691,-71.1006558,,,
42.3214614,-71.0569602,,,
42.33983,-71.05188,,,
42.38708,-71.00628,,,
42.30879,-71.08334,,,
42.3486892,-71.0881696,,,
42.35351,-71.13238,,,
42.3225607,-71.1082688,,,
42.355864,-71.061899,,,
42.37302,-71.06218,,,
42.3409235,-71.0881905,,,
42.3487064,-71.1589775,,,
42.28611,-71.06369,,,
42.3379,-71.07541,,,
42.3648436,-71.0412023,,,
42.35015,-71.08129,,,
42.3722756,-71.0616894,,,
42.33665,-71.05315,,,
42.29524,-71.0564,,,
42.273507,-71.0675417,,,
42.273507,-71.0675417,,,
42.2852195,-71.0914351,,,
42.348584,-71.0629752,,,
42.35679,-71.05863,,,
42.361921,-71.145175,,,
42.3037284,-71.0847283,,,
42.3431,-71.09889,,,
42.33818,-71.10648,,,
42.34941,-71.0824,,,
42.35847,-71.07047,,,
42.2954,-71.06139,,,
42.350712,-71.090876,,,
42.3141561,-71.0793502,,,
42.37293,-71.03921,,,
42.33687,-71.05605,,,
42.343424,-71.1426,,,
42.34265,-71.09711,,,
42.371739,-71.038772,,,
42.3562,-71.05804,,,
42.3576,-71.05393,,,
42.3757987,-71.0371016,,,
42.28285,-71.05562,,,
42.3421788,-71.0862404,,,
42.3666746,-71.0277206,,,
42.34413,-71.07777,,,
42.33653,-71.14929,,,
42.34523,-71.08713,,,
42.34966,-71.08314,,,
42.3258285,-71.0605548,,,
42.35096,-71.13157,,,
42.35086,-71.060506,,,
42.3577378,-71.0567802,,,
42.37463,-71.03878,,,
42.3364202,-71.1495739,,,
42.35184,-71.1243301,,,
42.3519592,-71.0550268,,,
42.32229,-71.10776,,,
42.3119804,-71.1147652,,,
42.3230901,-71.0990534,,,
42.32779,-71.07492,,,
42.31686,-71.11327,,,
42.3549223,-71.0617078,,,
42.3645399,-71.0218174,,,
42.379087,-71.028441,,,
42.35902,-71.05794,,,
42.3001563,-71.0600327,,,
42.2749929,-71.1147797,,,
42.3497509,-71.081078,,,
42.3402203,-71.0525981,,,
42.3053611,-71.1089983,,,
42.312982,-71.065101,,,
42.34926,-71.15287,,,
42.3634087,-71.0256988,,,
42.36211,-71.06588,,,
42.3749165,-71.0539918,,,
42.34174,-71.07955,,,
42.3411142,-71.0878009,,,
42.25495,-71.12046,,,
42.3522258,-71.0649097,,,
42.3522258,-71.0649097,,,
42.3733,-71.06152,,,
42.346539,-71.0704791,,,
42.3118185,-71.053813,,,
42.35176,-71.07546,,,
42.3476282,-71.1058795,,,
42.3523415,-71.0602302,,,
42.3609468,-71.0684709,,,
42.34679,-71.10573,,,
42.3357903,-71.0372389,,,
42.2559521,-71.1242893,,,
42.3630021,-71.1304367,,,
42.35037,-71.08902,,,
42.3544654,-71.0552987,,,
42.3220822,-71.0621714,,,
42.33999,-71.08142,,,
42.3544654,-71.0552987,,,
N/A,N/A,,,
42.34273,-71.05652,,,
42.3368979,-71.0473982,,,
42.3339422,-71.0416906,,,
42.3645399,-71.0218174,,,
42.35098,-71.06046,,,
42.3303634,-71.0528996,,,
42.2870109,-71.1537564,,,
42.3084,-71.11536,,,
42.34293,-71.07849,,,
42.3437,-71.07094,,,
42.3498,-71.08263,,,
42.346686,-71.088915,,,
42.34243,-71.06723,,,
42.3507551,-71.13087,,,
42.35075,-71.13098,,,
42.352333,-71.13051,,,
42.35927,-71.05643,,,
42.3571501,-71.1444368,,,
42.35927,-71.05643,,,
42.370207,-71.039361,,,
42.365679,-71.0593059,,,
42.3488178,-71.150997,,,
N/A,N/A,,,
42.28619,-71.12901,,,
42.34205,-71.08639,,,
42.34294,-71.07302,,,
42.33869,-71.1078,,,
42.35084,-71.07879,,,
N/A,N/A,,,
N/A,N/A,,,
42.33223,-71.09986,,,
42.36898,-71.04036,,,
42.3317534,-71.0986793,,,
42.36216,-71.05749,,,
42.3448854,-71.0642243,,,
42.3557428,-71.1479021,,,
42.3311135,-71.1119867,,,
42.3656457,-71.0616551,,,
N/A,N/A,,,
N/A,N/A,,,
42.3498681,-71.079231,,,
42.37245,-71.03549,,,
42.3666746,-71.0277206,,,
N/A,N/A,,,
42.37451,-71.038828,,,
42.3575081,-71.0558484,,,
N/A,N/A,,,
42.348955,-71.153641,,,
42.3557428,-71.1479021,,,
42.34192,-71.06669,,,
42.27171,-71.17211,,,
N/A,N/A,,,
42.3522708,-71.0590963,,,
42.36216,-71.05749,,,
42.30521,-71.05757,,,
42.35404,-71.0611,,,
N/A,N/A,,,
42.3666746,-71.0277206,,,
42.3522258,-71.0649097,,,
42.33221,-71.09977,,,
42.34936,-71.08253,,,
42.337405,-71.0856069,,,
42.32241,-71.10656,,,
42.31437,-71.06585,,,
N/A,N/A,,,
N/A,N/A,,,
N/A,N/A,,,
42.3462855,-71.0869904,,,
42.28441,-71.16955,,,
42.35987,-71.05398,,,
42.36216,-71.05749,,,
42.300583,-71.112757,,,
42.35095,-71.04731,,,
42.354615,-71.134075,,,
42.34686,-71.07309,,,
42.285925,-71.129053,,,
42.3626773,-71.018635,,,
42.3626773,-71.018635,,,
42.35557,-71.06243,,,
42.375103,-71.037993,,,
42.35477,-71.05613,,,
42.254144,-71.124084,,,
N/A,N/A,,,
42.3645399,-71.0218174,,,
42.2611306,-71.1568305,,,
42.34594,-71.0709,,,
42.36725,-71.05941,,,
42.3449238,-71.1006866,,,
42.360218,-71.1385351,,,
42.3560333,-71.0552981,,,
42.340294,-71.166405,,,
42.3476282,-71.1058795,,,
42.35497,-71.06067,,,
42.3317534,-71.0986793,,,
42.3508847,-71.0445981,,,
N/A,N/A,,,
42.3217479,-71.1096775,,,
42.348776,-71.084719,,,
42.34242,-71.09657,,,
N/A,N/A,,,
42.37825,-71.02954,,,
42.33366,-71.10544,,,
42.35051,-71.16563,,,
42.2749929,-71.1147797,,,
N/A,N/A,,,
42.3531,-71.05744,,,
N/A,N/A,,,
42.267624,-71.093257,,,
N/A,N/A,,,
42.2867751,-71.1305266,,,
42.367093,-71.0360116,,,
N/A,N/A,,,
42.3634087,-71.0256988,,,
N/A,N/A,,,
N/A,N/A,,,
42.33709,-71.04858,,,
42.339039,-71.1064192,,,
42.338699,-71.107791,,,
42.29171,-71.04003,,,
42.3179869,-71.0817396,,,
42.3511365,-71.063135,,,
42.35072,-71.07921,,,
42.3531087,-71.0472198,,,
42.352169,-71.047592,,,
42.32971,-71.08546,,,
42.3441676,-71.0332263,,,
42.35846,-71.0576,,,
42.3668581,-71.040957,,,
42.328279,-71.0868551,,,
42.29888,-71.11398,,,
42.352008,-71.042559,,,
42.35179,-71.07209,,,
42.3605358,-71.054858,,,
42.3467794,-71.0761003,,,
42.2941073,-71.0721286,,,
42.3532007,-71.1319397,,,
42.3561357,-71.0540683,,,
42.3530368,-71.0574147,,,
42.3301624,-71.0837752,,,
42.31153,-71.11463,,,
42.386578,-71.009157,,,
42.34938,-71.084014,,,
42.363485,-71.1296974,,,
42.3472968,-71.0814575,,,
42.34382,-71.08646,,,
42.355081,-71.062162,,,
42.279598,-71.092686,,,
42.3436984,-71.1018804,,,
42.349974,-71.078821,,,
42.29936,-71.06022,,,
42.310481,-71.1067516,,,
42.362726,-71.140409,,,
42.2869361,-71.1301228,,,
42.30769,-71.11576,,,
42.355081,-71.062162,,,
42.32548,-71.06278,,,
42.34435,-71.08057,,,
42.350654,-71.076368,,,
42.3355248,-71.057302,,,
42.3511522,-71.0453487,,,
42.25605,-71.12345,,,
42.37368,-71.06243,,,
42.31305,-71.08981,,,
42.32146,-71.06264,,,
42.3659381,-71.0632925,,,
42.34583,-71.08737,,,
42.342726,-71.0563712,,,
42.36095,-71.06808,,,
42.3378864,-71.0421926,,,
42.34197,-71.07058,,,
42.37527,-71.06365,,,
42.3438342,-71.0993781,,,
42.2833268,-71.0559285,,,
42.3340692,-71.1055292,,,
42.3263346,-71.0619243,,,
42.35179,-71.07209,,,
42.3561357,-71.0540683,,,
42.3551109,-71.0630032,,,
42.36486,-71.06185,,,
42.3350029,-71.0462284,,,
42.34957,-71.09524,,,
42.3531087,-71.0472198,,,
42.3656095,-71.0593766,,,
42.3553148,-71.0613521,,,
42.3573878,-71.1446909,,,
42.3531868,-71.0475097,,,
42.3517222,-71.046211,,,
42.3531087,-71.0472198,,,
42.3531087,-71.0472198,,,
42.35927,-71.05643,,,
42.3438342,-71.0993781,,,
42.30906,-71.10557,,,
42.3532313,-71.0475362,,,
42.3531087,-71.0472198,,,
42.3462517,-71.082812,,,
42.3572865,-71.1430535,,,
42.37974,-71.02669,,,
42.3517222,-71.046211,,,
42.363485,-71.1296974,,,
42.27234,-71.09324,,,
42.3507234,-71.0609638,,,
42.34181,-71.15461,,,
42.3414321,-71.0853954,,,
42.34738,-71.10332,,,
42.3601165,-71.0579002,,,
42.35137,-71.06613,,,
42.35919,-71.05877,,,
42.3512513,-71.0693751,,,
42.35192,-71.11908,,,
42.2845515,-71.1102442,,,
42.3534843,-71.1324453,,,
42.3113705,-71.0808701,,,
42.351664,-71.1319302,,,
42.3586216,-71.0582613,,,
42.311608,-71.053998,,,
42.34377,-71.06941,,,
42.348624,-71.075972,,,
N/A,N/A,,,
42.3517934,-71.0496441,,,
42.3520448,-71.0661176,,,
42.3511522,-71.0453487,,,
42.3517507,-71.1241581,,,
42.2834198,-71.0651622,,,
42.2834198,-71.0651622,,,
42.33538,-71.03982,,,
42.3163852,-71.0662168,,,
42.2749929,-71.1147797,,,
42.3101878,-71.1153748,,,
42.38689,-71.0068,,,
42.3376791,-71.0868691,,,
42.3462517,-71.082812,,,
42.35333,-71.13299,,,
N/A,N/A,,,
42.345918,-71.0845822,,,
42.3443819,-71.0999346,,,
42.3438223,-71.045382,,,
42.3309054,-71.093373,,,
42.3141918,-71.1035189,,,
42.311379,-71.1146695,,,
42.33754,-71.08406,,,
42.32707,-71.06681,,,
42.25723,-71.12269,,,
42.3711,-71.03706,,,
42.2960539,-71.0872293,,,
42.3535217,-71.0461291,,,
42.3508,-71.06052,,,
42.32958,-71.05631,,,
42.3511522,-71.0453487,,,
42.35003,-71.08169,,,
42.33538,-71.03969,,,
42.3497,-71.08921,,,
42.3511522,-71.0453487,,,
42.3489249,-71.1427304,,,
42.3499338,-71.060109,,,
42.30008,-71.05995,,,
42.38129,-71.061549,,,
42.30565,-71.06739,,,
42.2996647,-71.0587894,,,
42.2996647,-71.0587894,,,
42.3507118,-71.0606332,,,
42.34665,-71.08772,,,
42.3535217,-71.0461291,,,
42.3513782,-71.0657294,,,
42.353624,-71.132412,,,
42.354049,-71.055925,,,
42.2874676,-71.1498128,,,
42.3450971,-71.0619564,,,
42.3389404,-71.0739427,,,
42.27236,-71.06824,,,
42.3768553,-71.0657621,,,
42.3646518,-71.0533962,,,
42.3336268,-71.0814491,,,
42.33903,-71.08043,,,
42.3522756,-71.0437809,,,
42.36522,-71.05526,,,
42.371194,-71.0439502,,,
42.3523168,-71.0473035,,,
42.37842,-71.03194,,,
42.268453,-71.0941313,,,
42.3420627,-71.0756851,,,
42.353633,-71.057366,,,
42.3741414,-71.0400583,,,
N/A,N/A,,,
42.31797,-71.06662,,,
42.33541,-71.03562,,,
42.35115,-71.06025,,,
42.353848,-71.058561,,,
42.3575081,-71.0558484,,,
42.3511522,-71.0453487,,,
42.348624,-71.075972,,,
42.3402801,-71.1664874,,,
42.3573,-71.05744,,,
42.349137,-71.084995,,,
42.3446423,-71.0969397,,,
42.3472482,-71.0788696,,,
42.29169,-71.04686,,,
42.3511522,-71.0453487,,,
42.345157,-71.0633502,,,
42.34242,-71.09657,,,
42.3320451,-71.0737262,,,
42.28806,-71.0769,,,
42.35081,-71.06163,,,
42.34626,-71.0828,,,
42.288828,-71.0714427,,,
42.34914,-71.08335,,,
42.2822144,-71.0558444,,,
42.35317,-71.13174,,,
42.3452045,-71.0633033,,,
42.35238,-71.12258,,,
42.3673332,-71.0388131,,,
42.339398,-71.165126,,,
42.33942,-71.15852,,,
42.2862991,-71.1520069,,,
42.34995,-71.05033,,,
42.34846,-71.08534,,,
42.344946,-71.10057,,,
42.35091,-71.06207,,,
42.366083,-71.055108,,,
42.32863,-71.08105,,,
N/A,N/A,,,
42.3321444,-71.0995111,,,
42.334685,-71.029056,,,
42.3512493,-71.0606805,,,
42.35017,-71.05127,,,
42.354662,-71.0616847,,,
42.3435925,-71.0446669,,,
42.27299,-71.06805,,,
42.29983,-71.07452,,,
42.28895,-71.13389,,,
42.3857,-71.00882,,,
42.35763,-71.05872,,,
42.2854119,-71.128978,,,
42.3640385,-71.0540089,,,
42.3504655,-71.1680808,,,
42.35031,-71.0571,,,
42.27724,-71.17261,,,
42.3511128,-71.0627967,,,
42.3340965,-71.105481,,,
N/A,N/A,,,
42.3629045,-71.0549998,,,
42.330417,-71.0667091,,,
42.35701,-71.05761,,,
42.2834193,-71.0893677,,,
42.3495738,-71.1056582,,,
42.34971,-71.08124,,,
42.360951,-71.06816,,,
42.3587509,-71.0561996,,,
42.27984,-71.0926,,,
42.3554182,-71.0599055,,,
42.36503,-71.05348,,,
N/A,N/A,,,
42.35582,-71.0604,,,
42.3364874,-71.0891741,,,
42.34982,-71.13342,,,
42.36216,-71.05749,,,
42.350482,-71.1315737,,,
42.34887,-71.152162,,,
42.379379,-71.027994,,,
42.2857778,-71.0912506,,,
42.3002563,-71.1131001,,,
42.350918,-71.131529,,,
42.2834198,-71.0555186,,,
42.35811,-71.05456,,,
42.3350758,-71.0357423,,,
42.378266,-71.0608887,,,
42.3514382,-71.062544,,,
42.348677,-71.085094,,,
42.3486118,-71.0744381,,,
42.27339,-71.06795,,,
42.3476692,-71.105948,,,
42.3688045,-71.0364753,,,
42.375123,-71.038568,,,
42.35744,-71.05316,,,
42.28738,-71.1492,,,
42.3436189,-71.1001401,,,
42.3432579,-71.0725098,,,
42.3442395,-71.0311336,,,
42.33818,-71.10648,,,
42.32864,-71.07901,,,
42.3394393,-71.0514365,,,
42.31848,-71.05047,,,
42.3284129,-71.0819532,,,
42.35152,-71.05806,,,
42.3389873,-71.1076943,,,
42.35268,-71.12333,,,
42.3436253,-71.0626593,,,
42.3447806,-71.099855,,,
42.2667972,-71.1685721,,,
42.35582,-71.0604,,,
42.3389873,-71.1076943,,,
42.3624364,-71.1389233,,,
42.3517493,-71.0631786,,,
42.292509,-71.1175194,,,
42.3301403,-71.0836624,,,
42.3383194,-71.070697,,,
42.3899163,-71.0123533,,,
42.36216,-71.05749,,,
42.36216,-71.05749,,,
42.25975,-71.15842,,,
42.25975,-71.15842,,,
42.3566883,-71.0586903,,,
42.36216,-71.05749,,,
42.36216,-71.05749,,,
42.36216,-71.05749,,,
42.35449,-71.05422,,,
42.3356587,-71.0744486,,,
42.36216,-71.05749,,,
42.2737826,-71.0678502,,,
42.3156782,-71.065941,,,
42.35199,-71.06439,,,
42.3485409,-71.079243,,,
42.34442,-71.09961,,,
42.27806,-71.09314,,,
42.3442668,-71.0998863,,,
42.25553,-71.1211114,,,
42.36216,-71.05749,,,
42.379657,-71.027741,,,
42.375018,-71.03818,,,
42.2842086,-71.0644731,,,
42.2962183,-71.0871802,,,
42.3451516,-71.0628322,,,
42.3444827,-71.0438809,,,
42.3041017,-71.114452,,,
42.348499,-71.096327,,,
42.3557959,-71.0584513,,,
42.2557895,-71.1229897,,,
42.2986072,-71.0604207,,,
42.3406664,-71.1515204,,,
42.3568917,-71.0579589,,,
42.31478,-71.05699,,,
42.3508502,-71.0618372,,,
42.367147,-71.036154,,,
42.3440089,-71.0987841,,,
N/A,N/A,,,
42.337071,-71.076601,,,
42.3531076,-71.0586809,,,
42.34363,-71.07176,,,
42.33135,-71.03707,,,
42.258893,-71.12378,,,
42.2835405,-71.1566163,,,
42.3517128,-71.0625338,,,
42.37721,-71.06636,,,
42.351317,-71.131249,,,
42.369908,-71.037913,,,
42.31909,-71.11164,,,
42.3472968,-71.0814575,,,
42.34099,-71.08164,,,
42.2875151,-71.1505587,,,
42.3614171,-71.0660187,,,
42.3492189,-71.152853,,,
N/A,N/A,,,
42.32405,-71.05704,,,
42.2871964,-71.1292411,,,
42.3585973,-71.0595819,,,
42.37861,-71.02936,,,
42.35225,-71.132078,,,
42.35001,-71.04099,,,
42.3378,-71.04983,,,
42.3769844,-71.0335728,,,
42.28974,-71.06296,,,
42.2920722,-71.0715212,,,
42.3044007,-71.0589612,,,
42.281873,-71.071408,,,
42.2556937,-71.1208001,,,
42.3456679,-71.0691999,,,
42.35111,-71.0502,,,
42.2857567,-71.1553964,,,
42.3795751,-71.0299092,,,
42.3393606,-71.0514245,,,
42.3617823,-71.0567639,,,
42.3151122,-71.0986399,,,
42.2615986,-71.1573304,,,
42.34046,-71.0868966,,,
42.33542,-71.037,,,
42.34325,-71.14237,,,
42.35206,-71.1321107,,,
42.3548,-71.07386,,,
42.35094,-71.09,,,
42.35117,-71.06359,,,
42.3487,-71.085019,,,
42.35873,-71.06799,,,
42.3603,-71.06469,,,
42.3350758,-71.0357423,,,
42.34897,-71.08554,,,
42.3441535,-71.1432708,,,
42.350729,-71.076088,,,
42.2875151,-71.1505587,,,
42.35107,-71.0616,,,
42.35871,-71.156,,,
42.32007,-71.05693,,,
42.3610665,-71.0631838,,,
42.2885703,-71.1343176,,,
42.3441213,-71.0441636,,,
42.29388,-71.04627,,,
42.3337934,-71.1051389,,,
42.35291,-71.13293,,,
42.30835,-71.08361,,,
42.3657,-71.02905,,,
42.35582,-71.0604,,,
42.336591,-71.148876,,,
42.3357677,-71.1499526,,,
42.3514976,-71.1313799,,,
42.3408717,-71.0884762,,,
42.3451516,-71.0628322,,,
42.34968,-71.08305,,,
42.3451516,-71.0628322,,,
42.364494,-71.061192,,,
42.3523949,-71.1288109,,,
42.35667,-71.06038,,,
42.30042,-71.11292,,,
42.33733,-71.08439,,,
42.379379,-71.027994,,,
42.35768,-71.05965,,,
42.3337119,-71.1053687,,,
42.2558737,-71.124981,,,
N/A,N/A,,,
N/A,N/A,,,
42.349755,-71.082793,,,
42.3358648,-71.0742038,,,
42.35726,-71.05458,,,
42.364746,-71.060129,,,
42.3377335,-71.0963528,,,
42.3188845,-71.0422769,,,
42.3444827,-71.0438809,,,
42.3667714,-71.1189861,,,
42.3510288,-71.0604305,,,
42.280686,-71.082955,,,
42.3505181,-71.0599527,,,
42.2935732,-71.0478781,,,
42.3492481,-71.0612086,,,
42.30036,-71.11297,,,
42.3451516,-71.0628322,,,
42.28611,-71.13703,,,
42.3552947,-71.0629933,,,
42.336599,-71.085748,,,
42.3550926,-71.149576,,,
42.35273,-71.07335,,,
42.3464,-71.08902,,,
42.2926884,-71.0472018,,,
42.3464,-71.07093,,,
42.34586,-71.07985,,,
42.3304463,-71.0820308,,,
42.29505,-71.04695,,,
42.34224,-71.08468,,,
42.37861,-71.02936,,,
42.34222,-71.08014,,,
42.3126097,-71.0896798,,,
42.342794,-71.066726,,,
42.3469571,-71.0879571,,,
42.33293,-71.1017,,,
42.3535217,-71.0461291,,,
42.3484587,-71.1340894,,,
42.35477,-71.07395,,,
42.3518242,-71.1242355,,,
42.3478783,-71.1497199,,,
42.3846,-71.00029,,,
42.3596503,-71.0559497,,,
42.351221,-71.16835,,,
42.29933,-71.06479,,,
42.35425,-71.13765,,,
42.2695797,-71.1485166,,,
42.2787037,-71.1189425,,,
42.2859019,-71.1451104,,,
42.2995898,-71.0604963,,,
42.3417738,-71.1428926,,,
42.3417738,-71.1428926,,,
42.3417738,-71.1428926,,,
42.341645,-71.1435286,,,
42.3439,-71.02251,,,
42.3500093,-71.0835248,,,
42.34709,-71.10447,,,
42.3505,-71.08833,,,
42.3466825,-71.0871801,,,
42.349945,-71.08371,,,
42.35049,-71.090098,,,
42.34362,-71.08973,,,
42.350466,-71.090168,,,
42.35257,-71.07731,,,
42.38026,-71.03954,,,
42.3538,-71.13733,,,
42.3553596,-71.0740766,,,
42.3555035,-71.0735058,,,
42.3554249,-71.0737555,,,
42.34724,-71.10393,,,
42.34259,-71.0727,,,
42.347065,-71.085643,,,
42.3235649,-71.1078247,,,
42.35162,-71.08572,,,
42.36037,-71.06468,,,
42.3529015,-71.1327517,,,
42.372016,-71.038803,,,
N/A,N/A,,,
42.3672448,-71.120484,,,
42.3678213,-71.1232609,,,
42.3670729,-71.1219055,,,
42.33864,-71.10719,,,
42.3674545,-71.1215848,,,
42.3675739,-71.123842,,,
42.3672791,-71.1195039,,,
42.3672954,-71.1231595,,,
42.3670429,-71.1211286,,,
42.3496431,-71.063515,,,
42.24166,-71.14034,,,
42.355186,-71.062967,,,
N/A,N/A,,,
42.33822,-71.08437,,,
42.33607,-71.07498,,,
42.3389486,-71.0739218,,,
42.34185,-71.09126,,,
42.3359268,-71.1067475,,,
42.34211,-71.09116,,,
42.33985,-71.09088,,,
42.34304,-71.09041,,,
42.34285,-71.09047,,,
42.341553,-71.091039,,,
42.34794,-71.10596,,,
42.34794,-71.10596,,,
42.34794,-71.10596,,,
42.34794,-71.10596,,,
42.3479357,-71.1062054,,,
42.35019,-71.09541,,,
42.35034,-71.10271,,,
42.3534335,-71.1207163,,,
42.3497088,-71.094509,,,
42.35027,-71.09649,,,
42.35027,-71.09658,,,
42.350281,-71.096662,,,
42.34985,-71.09697,,,
42.35033,-71.097,,,
42.34985,-71.09706,,,
42.3500475,-71.0998102,,,
42.35056,-71.10047,,,
42.35058,-71.10066,,,
42.35015,-71.10082,,,
42.35057,-71.10075,,,
42.350155,-71.100891,,,
42.350579,-71.100838,,,
42.35016,-71.10097,,,
42.350586,-71.10092,,,
42.35017,-71.10103,,,
42.3369338,-71.092711,,,
42.352381,-71.115971,,,
42.3367615,-71.0867927,,,
42.3494665,-71.0984599,,,
42.3365622,-71.0918089,,,
42.35048,-71.0995,,,
42.3385818,-71.0923844,,,
42.34199,-71.09027,,,
42.34066,-71.08873,,,
42.3395858,-71.0914877,,,
42.34977,-71.10152,,,
42.3374621,-71.097772,,,
42.33704,-71.09646,,,
42.3375665,-71.0913276,,,
42.3531512,-71.1177666,,,
42.3365564,-71.0763155,,,
42.34957,-71.10598,,,
42.3638341,-71.0616064,,,
42.3528968,-71.1205124,,,
42.3529167,-71.1205208,,,
42.350606,-71.101163,,,
42.35063,-71.10141,,,
42.35023,-71.10156,,,
42.35064,-71.10149,,,
42.35064,-71.10157,,,
42.35065,-71.10165,,,
42.35025,-71.10181,,,
42.35026,-71.10189,,,
42.35027,-71.10197,,,
42.35028,-71.10205,,,
42.35029,-71.10214,,,
42.3503,-71.1023,,,
42.35031,-71.10238,,,
42.35072,-71.10243,,,
42.35032,-71.10255,,,
42.35072,-71.10251,,,
42.350331,-71.102632,,,
42.35073,-71.10259,,,
42.350856,-71.090283,,,
42.35036,-71.090536,,,
42.350341,-71.090611,,,
42.350322,-71.090687,,,
42.35019,-71.09107,,,
42.34711,-71.10611,,,
42.3471,-71.10623,,,
42.34706,-71.1064,,,
42.34702,-71.10655,,,
42.34938,-71.09392,,,
42.349379,-71.094013,,,
42.34936,-71.10402,,,
42.3469502,-71.1066876,,,
42.34731,-71.10694,,,
42.34954,-71.1054,,,
42.3496,-71.10623,,,
42.34962,-71.10644,,,
42.35226,-71.1214,,,
42.3477537,-71.103322,,,
42.3481211,-71.1051737,,,
42.3481847,-71.1053313,,,
42.3482188,-71.1055062,,,
42.34715,-71.10566,,,
42.34725,-71.10574,,,
42.34784,-71.10541,,,
42.35047,-71.09941,,,
42.3497843,-71.101644,,,
42.35042,-71.09864,,,
42.35029,-71.10222,,,
42.3479,-71.10483,,,
42.34752,-71.10621,,,
42.3475,-71.10629,,,
42.34803,-71.10557,,,
42.35025,-71.10172,,,
42.3374944,-71.0930496,,,
42.33769,-71.09228,,,
42.3276544,-71.0769553,,,
42.31295,-71.05357,,,
42.33236,-71.10938,,,
42.33573,-71.04495,,,
42.34147,-71.10661,,,
42.35161,-71.07755,,,
42.31664,-71.07163,,,
42.29716,-71.07474,,,
42.33833,-71.09338,,,
42.34181,-71.08813,,,
42.30868,-71.06376,,,
42.35018,-71.10112,,,
42.3506,-71.10108,,,
42.350192,-71.101201,,,
42.3507,-71.10218,,,
42.3507,-71.10226,,,
42.35032,-71.10246,,,
42.34986,-71.09714,,,
42.34994,-71.09834,,,
42.34994,-71.09842,,,
42.35041,-71.09854,,,
42.35049,-71.09967,,,
42.35024,-71.101641,,,
42.35061,-71.10124,,,
42.35022,-71.10139,,,
42.35062,-71.10133,,,
42.35074,-71.10267,,,
42.35035,-71.1028,,,
42.35075,-71.10275,,,
42.35036,-71.10288,,,
42.35075,-71.10284,,,
42.35037,-71.10296,,,
42.35038,-71.10304,,,
42.35039,-71.10312,,,
42.34797,-71.10443,,,
42.3479876,-71.104595,,,
42.34783,-71.10384,,,
42.34795,-71.10467,,,
42.34793,-71.10475,,,
42.34771,-71.10402,,,
42.34786,-71.10499,,,
42.34781,-71.10515,,,
42.34779,-71.10522,,,
42.34746,-71.1048,,,
42.34747,-71.10637,,,
42.34718,-71.10594,,,
42.34745,-71.10644,,,
42.34714,-71.10604,,,
42.34743,-71.10652,,,
42.34741,-71.10661,,,
42.34739,-71.10668,,,
42.34737,-71.10676,,,
42.34735,-71.10683,,,
42.34696,-71.10663,,,
42.34912,-71.08342,,,
N/A,N/A,,,
42.3416843,-71.1057422,,,
42.33113,-71.04634,,,
42.34129,-71.10512,,,
42.27578,-71.16685,,,
42.3656457,-71.0616551,,,
42.34544,-71.08041,,,
42.3861669,-71.0095306,,,
42.3412138,-71.1063704,,,
42.3483958,-71.0698118,,,
42.33978,-71.07993,,,
42.3425719,-71.1057551,,,
42.3482,-71.0935,,,
42.33074,-71.11183,,,
42.3308,-71.11185,,,
42.2853778,-71.1557775,,,
42.33086,-71.11188,,,
42.3491078,-71.0834184,,,
42.348492,-71.096725,,,
42.35363,-71.078219,,,
42.32735,-71.07923,,,
N/A,N/A,,,
42.35022,-71.13003,,,
42.34411,-71.08932,,,
42.338474,-71.092998,,,
42.35956,-71.06316,,,
42.34275,-71.07437,,,
42.28329,-71.06335,,,
42.32441,-71.07415,,,
42.3407095,-71.0897306,,,
42.33811,-71.091362,,,
42.32451,-71.07422,,,
42.309875,-71.105942,,,
42.3347822,-71.0786362,,,
42.32435,-71.07409,,,
42.34408,-71.08913,,,
42.34104,-71.08794,,,
42.33679,-71.08579,,,
42.2992392,-71.0605943,,,
42.35365,-71.07814,,,
42.34839,-71.06996,,,
42.3484323,-71.0701977,,,
42.32089,-71.07877,,,
42.35224,-71.08009,,,
42.33794,-71.08478,,,
42.32457,-71.07427,,,
42.3417,-71.09096,,,
42.34185,-71.09087,,,
42.3424961,-71.0905513,,,
42.34122,-71.09035,,,
42.3385767,-71.0923409,,,
42.31493,-71.09147,,,
42.29687,-71.05684,,,
42.33655,-71.0859235,,,
42.3365134,-71.0859986,,,
42.3526,-71.1306,,,
42.34406,-71.08904,,,
42.33666,-71.08563,,,
42.336513,-71.1014257,,,
42.35057,-71.10057,,,
42.3473122,-71.0944895,,,
42.336581,-71.037278,,,
N/A,N/A,,,
42.34998,-71.06642,,,
42.25062,-71.12573,,,
N/A,N/A,,,
42.33525,-71.07508,,,
42.338726,-71.080082,,,
42.3473122,-71.0944895,,,
42.25421,-71.1291,,,
42.3471499,-71.1632298,,,
42.3430041,-71.1052192,,,
42.3425908,-71.1052484,,,
42.34263,-71.07275,,,
42.3427839,-71.105537,,,
42.3521255,-71.065328,,,
42.3597354,-71.0642343,,,
42.338328,-71.049724,,,
42.28334,-71.07321,,,
42.31174,-71.10938,,,
42.353458,-71.062852,,,
42.338415,-71.049876,,,
42.34333,-71.08301,,,
42.34456,-71.08023,,,
42.342533,-71.086999,,,
42.352266,-71.066497,,,
42.34236,-71.06992,,,
42.346,-71.10434,,,
42.35111,-71.08701,,,
42.3096815,-71.1055997,,,
42.35059,-71.101,,,
42.2997,-71.0444,,,
42.34936,-71.09421,,,
42.35196,-71.08635,,,
42.3383901,-71.1669789,,,
42.348535,-71.069571,,,
42.34978,-71.09589,,,
42.35032,-71.09738,,,
42.34837,-71.07131,,,
42.35034,-71.09749,,,
N/A,N/A,,,
42.35168,-71.08742,,,
42.3483896,-71.069882,,,
42.34839,-71.06973,,,
42.34852,-71.09406,,,
42.3381285,-71.1652963,,,
42.350692,-71.090966,,,
42.3377645,-71.1664653,,,
42.34034,-71.16119,,,
42.3386569,-71.1682249,,,
42.35089,-71.08351,,,
N/A,N/A,,,
42.34852,-71.09396,,,
42.352854,-71.132515,,,
42.3387556,-71.1661374,,,
42.34971,-71.08457,,,
42.34269,-71.07953,,,
42.355081,-71.062162,,,
42.350386,-71.090458,,,
42.35079,-71.09052,,,
42.35123,-71.08229,,,
42.35249,-71.07758,,,
42.35261,-71.07896,,,
42.35246,-71.07767,,,
42.35042,-71.09873,,,
42.34997,-71.0987,,,
42.34255,-71.07971,,,
42.35187,-71.07995,,,
42.34255,-71.07971,,,
42.350662,-71.091056,,,
42.3457,-71.09012,,,
42.35155,-71.08785,,,
42.3494,-71.09383,,,
42.34545,-71.09019,,,
42.376517,-71.059541,,,
42.3401,-71.07725,,,
42.350642,-71.091146,,,
42.3502,-71.08614,,,
42.3727,-71.03931,,,
42.28738,-71.1492,,,
42.35043,-71.08199,,,
42.3547984,-71.0631013,,,
42.35878,-71.06183,,,
N/A,N/A,,,
42.3572546,-71.0595806,,,
42.38445,-71.07853,,,
42.354316,-71.0621501,,,
42.3541729,-71.0621651,,,
42.3572325,-71.0609793,,,
42.35468,-71.13543,,,
42.34477,-71.0904,,,
42.34525,-71.09028,,,
42.34551,-71.09017,,,
42.34589,-71.09007,,,
42.3458,-71.09009,,,
42.33555,-71.08033,,,
42.349476,-71.095528,,,
42.3338421,-71.1033411,,,
42.287388,-71.127396,,,
N/A,N/A,,,
42.35305,-71.13417,,,
42.35955,-71.06335,,,
42.336005,-71.040421,,,
42.3312513,-71.0412811,,,
42.32662,-71.0583,,,
42.3423446,-71.1047795,,,
42.3499506,-71.0675006,,,
42.35093,-71.08821,,,
42.34464,-71.06991,,,
42.34334,-71.08188,,,
42.34082,-71.1056,,,
42.34164,-71.10476,,,
42.35908,-71.05823,,,
42.3421013,-71.1052725,,,
42.3420246,-71.1043455,,,
42.342416,-71.1040565,,,
42.3447735,-71.0982788,,,
42.35284,-71.13383,,,
42.27152,-71.09401,,,
42.36044,-71.06524,,,
42.3599107,-71.0631429,,,
42.2879,-71.08747,,,
42.35422,-71.1311,,,
42.35425,-71.1309,,,
42.2856869,-71.1291797,,,
42.31258,-71.11251,,,
42.34951,-71.08364,,,
42.35023,-71.08761,,,
42.3862674,-71.0073792,,,
42.34586,-71.08776,,,
42.35295,-71.08071,,,
42.35838,-71.06178,,,
42.35772,-71.05907,,,
42.336994,-71.096684,,,
42.33803,-71.09682,,,
42.33806,-71.0969,,,
42.33781,-71.0968,,,
42.33774,-71.09685,,,
42.338129,-71.0971892,,,
42.337586,-71.0978269,,,
42.3376,-71.09693,,,
42.3374621,-71.097772,,,
42.3371887,-71.0975961,,,
42.3360777,-71.0978967,,,
42.3363093,-71.0984581,,,
42.33796,-71.09662,,,
42.33798,-71.09668,,,
42.33059,-71.07434,,,
42.34546,-71.10579,,,
42.34621,-71.10534,,,
42.34561,-71.10588,,,
42.34658,-71.10428,,,
42.2928225,-71.0957837,,,
42.34936,-71.08253,,,
42.298609,-71.060426,,,
42.3899,-70.99673,,,
42.351531,-71.124614,,,
42.29388,-71.04627,,,
42.3650161,-71.0611796,,,
42.3502671,-71.0478799,,,
42.37529,-71.0383,,,
42.3574655,-71.0626314,,,
42.35192,-71.07497,,,
42.3537449,-71.0530119,,,
42.360171,-71.063486,,,
42.36267,-71.13595,,,
42.3445,-71.07646,,,
42.3417,-71.08078,,,
42.34447,-71.07636,,,
42.2993016,-71.0602499,,,
42.3212215,-71.0776826,,,
42.35013,-71.08137,,,
42.3347312,-71.0756706,,,
42.34148,-71.07816,,,
42.3486118,-71.0744381,,,
42.2861227,-71.1367311,,,
42.33487,-71.07545,,,
42.28576,-71.15535,,,
42.3513773,-71.0654816,,,
42.3596503,-71.0559497,,,
42.3629165,-71.0641647,,,
N/A,N/A,,,
42.29388,-71.04627,,,
42.347065,-71.085643,,,
42.290854,-71.088924,,,
42.335339,-71.04242,,,
42.25682,-71.12411,,,
42.37587,-71.03869,,,
42.2899024,-71.0892614,,,
42.35161,-71.07284,,,
42.3613666,-71.0665631,,,
42.29113,-71.06262,,,
42.340653,-71.08728,,,
42.34754,-71.10613,,,
42.34742,-71.10493,,,
42.29962,-71.07332,,,
42.30509,-71.06819,,,
42.28072,-71.08314,,,
42.32991,-71.11154,,,
42.32994,-71.0567788,,,
42.35582,-71.0604,,,
42.2954369,-71.0488519,,,
42.28536,-71.09219,,,
42.272239,-71.068856,,,
42.3539557,-71.0580201,,,
42.3014781,-71.0600567,,,
42.349217,-71.081684,,,
42.28576,-71.15535,,,
42.310802,-71.1144585,,,
42.3363534,-71.1499316,,,
42.3052205,-71.0800088,,,
42.3494887,-71.1637046,,,
42.3605358,-71.054858,,,
42.3601998,-71.0547982,,,
42.3435056,-71.0647986,,,
42.33841,-71.10685,,,
42.3687399,-71.0390086,,,
42.32325,-71.073678,,,
42.2838117,-71.0713406,,,
42.3519544,-71.1261776,,,
42.34557,-71.04255,,,
42.36328,-71.05188,,,
N/A,N/A,,,
42.34304,-71.06941,,,
42.33549,-71.07021,,,
42.2557803,-71.1220999,,,
42.34207,-71.08349,,,
42.33331,-71.10601,,,
42.34148,-71.08347,,,
42.379767,-71.027,,,
42.345668,-71.05112,,,
42.3467788,-71.0685613,,,
42.32276,-71.10306,,,
42.299338,-71.073165,,,
42.3477702,-71.0796551,,,
42.37529,-71.0383,,,
42.2810503,-71.0846434,,,
42.319437,-71.082521,,,
42.2828235,-71.0914717,,,
42.29201,-71.12244,,,
42.36301,-71.12851,,,
42.3492,-71.16295,,,
42.3217399,-71.0725111,,,
42.3321787,-71.0996029,,,
42.3575896,-71.0539397,,,
42.3485326,-71.0679205,,,
42.3462855,-71.0869904,,,
42.3510663,-71.063079,,,
42.3283798,-71.0797405,,,
42.3505535,-71.0606538,,,
42.3354362,-71.0352273,,,
42.3293649,-71.0844352,,,
42.3457472,-71.0867291,,,
42.3774975,-71.0389477,,,
42.3517128,-71.0625338,,,
N/A,N/A,,,
N/A,N/A,,,
42.3533785,-71.0619794,,,
42.3373628,-71.1060363,,,
42.3403556,-71.090383,,,
42.3565509,-71.0698081,,,
42.3454178,-71.1007318,,,
42.2834458,-71.0913987,,,
42.3513634,-71.0690998,,,
42.35845,-71.06084,,,
42.2921221,-71.0719566,,,
42.3348255,-71.1023841,,,
42.359282,-71.0548728,,,
42.3515999,-71.0609962,,,
42.2759771,-71.1391615,,,
42.3522946,-71.1404391,,,
42.312764,-71.113633,,,
42.3517608,-71.1167919,,,
42.3507438,-71.1090381,,,
42.3540533,-71.1203353,,,
42.34936,-71.10402,,,
42.27935,-71.09275,,,
42.33922,-71.0509585,,,
42.2659072,-71.1679099,,,
42.35303,-71.13498,,,
42.3092656,-71.0577526,,,
42.309756,-71.083018,,,
42.3515801,-71.1314201,,,
42.3552412,-71.062555,,,
42.375806,-71.0389298,,,
42.284738,-71.0920888,,,
42.2999335,-71.0604414,,,
42.356803,-71.070099,,,
42.2836947,-71.0919588,,,
N/A,N/A,,,
42.2872112,-71.1065885,,,
42.3074849,-71.0764115,,,
42.354045,-71.0589153,,,
42.283334,-71.112034,,,
N/A,N/A,,,
42.346437,-71.0875997,,,
42.3426104,-71.0841698,,,
42.30793,-71.11582,,,
42.350756,-71.076001,,,
42.3013797,-71.1280786,,,
42.3293649,-71.0844352,,,
42.2552377,-71.1240018,,,
42.34659,-71.07051,,,
42.28597,-71.12914,,,
N/A,N/A,,,
42.3378988,-71.0746894,,,
42.37445,-71.04028,,,
N/A,N/A,,,
42.355647,-71.062559,,,
42.3009186,-71.0669294,,,
N/A,N/A,,,
42.3525647,-71.1304081,,,
42.3524111,-71.1253295,,,
42.280027,-71.118659,,,
42.32276,-71.10306,,,
42.2371257,-71.1322703,,,
42.34855,-71.09367,,,
42.3113948,-71.0580696,,,
42.3297173,-71.0564708,,,
42.3482376,-71.1343307,,,
42.3524,-71.12881,,,
42.37017,-71.03868,,,
42.29232,-71.12155,,,
42.29957,-71.07367,,,
42.33546,-71.04601,,,
42.336873,-71.0760409,,,
42.35474,-71.05384,,,
42.3260873,-71.0636114,,,
42.28335,-71.0559,,,
N/A,N/A,,,
42.3149,-71.11427,,,
42.29105,-71.06302,,,
42.32657,-71.1005,,,
42.2990735,-71.0580299,,,
42.376005,-71.064725,,,
42.28069,-71.04813,,,
N/A,N/A,,,
N/A,N/A,,,
N/A,N/A,,,
N/A,N/A,,,
42.3469993,-71.0878177,,,
42.28303,-71.05628,,,
42.27152,-71.09401,,,
42.3382142,-71.0502752,,,
42.26287,-71.10831,,,
42.3322762,-71.1000307,,,
N/A,N/A,,,
42.3008061,-71.1151496,,,
42.2928225,-71.0957837,,,
42.3579219,-71.0581418,,,
42.2902286,-71.0628815,,,
42.37102,-71.039437,,,
42.3465791,-71.0753578,,,
N/A,N/A,,,
42.25783,-71.12278,,,
42.3321265,-71.0270285,,,
42.3416326,-71.08698,,,
42.34886,-71.0844,,,
42.3508672,-71.0718845,,,
42.346864,-71.088419,,,
42.35032,-71.13187,,,
42.2864253,-71.1369696,,,
42.3334,-71.10305,,,
42.3502902,-71.1057309,,,
42.3495836,-71.0997856,,,
42.3510572,-71.1071397,,,
42.2714181,-71.0739998,,,
N/A,N/A,,,
42.34233,-71.07514,,,
42.3395897,-71.0517019,,,
42.3650591,-71.0553783,,,
42.3555108,-71.0614635,,,
N/A,N/A,,,
42.34936,-71.10402,,,
42.3519012,-71.0661698,,,
42.35375,-71.05925,,,
42.34523,-71.08713,,,
42.3531166,-71.1313816,,,
42.35177,-71.061,,,
42.3636771,-71.1300384,,,
42.354873,-71.132348,,,
42.34936,-71.10402,,,
42.351888,-71.118709,,,
42.3499631,-71.097914,,,
42.3501788,-71.0606102,,,
42.350867,-71.103634,,,
42.28298,-71.05452,,,
42.3535217,-71.0461291,,,
42.3480951,-71.150232,,,
N/A,N/A,,,
42.3429383,-71.0688908,,,
42.3726,-71.06104,,,
42.3572422,-71.1426009,,,
42.3462194,-71.0430994,,,
42.34895,-71.04899,,,
42.35426,-71.0566,,,
42.350621,-71.059903,,,
42.337071,-71.076601,,,
42.2927809,-71.1217203,,,
42.3614958,-71.0564097,,,
42.340107,-71.091002,,,
42.3399972,-71.0523933,,,
42.36486,-71.06185,,,
42.28693,-71.129707,,,
42.3431544,-71.1017783,,,
N/A,N/A,,,
42.36457,-71.06144,,,
42.35273,-71.07335,,,
42.3495815,-71.0801592,,,
42.35302,-71.13052,,,
42.346771,-71.098711,,,
42.33308,-71.10808,,,
42.3476423,-71.0367795,,,
N/A,N/A,,,
42.36434,-71.05416,,,
N/A,N/A,,,
42.2996994,-71.0860781,,,
42.30548,-71.06761,,,
N/A,N/A,,,
N/A,N/A,,,
42.3130663,-71.0574294,,,
42.3525749,-71.0421479,,,
N/A,N/A,,,
42.3514285,-71.0578603,,,
42.379018,-71.02859,,,
42.33579,-71.03757,,,
42.3530885,-71.1311598,,,
42.33538,-71.03982,,,
42.3422019,-71.0850307,,,
42.30053,-71.112809,,,
42.29163,-71.072,,,
N/A,N/A,,,
42.35068,-71.07036,,,
42.2593587,-71.1588709,,,
42.2861837,-71.130049,,,
42.3475481,-71.0843514,,,
42.3565057,-71.0693563,,,
N/A,N/A,,,
42.3076644,-71.0824059,,,
42.344648,-71.096299,,,
42.3357724,-71.0359362,,,
42.33162,-71.03546,,,
42.33113,-71.04634,,,
42.36405,-71.05399,,,
42.3032076,-71.0849018,,,
42.29618,-71.08075,,,
42.3241602,-71.0739887,,,
42.2986053,-71.0575785,,,
42.3748349,-71.0670085,,,
N/A,N/A,,,
42.3359033,-71.0380547,,,
42.3523612,-71.0615572,,,
42.364374,-71.061546,,,
42.35135,-71.05694,,,
42.2866,-71.13017,,,
42.3287888,-71.0571086,,,
42.3488646,-71.1529189,,,
42.3661,-71.05153,,,
42.32828,-71.0567,,,
N/A,N/A,,,
42.3654,-71.05142,,,
42.3114339,-71.1146617,,,
42.3529022,-71.132981,,,
42.35121,-71.06037,,,
42.37699,-71.03023,,,
42.2993034,-71.1137613,,,
42.35283,-71.0716,,,
42.3525,-71.06416,,,
42.35228,-71.06622,,,
42.291827,-71.122157,,,
42.3573878,-71.1446909,,,
42.36292,-71.05126,,,
42.346519,-71.0953337,,,
42.3608054,-71.0567864,,,
42.34051,-71.052852,,,
42.348681,-71.084102,,,
42.3794736,-71.0632931,,,
42.3392758,-71.0511911,,,
42.32273,-71.10325,,,
42.285907,-71.110345,,,
42.3398031,-71.0527298,,,
42.2997,-71.0444,,,
42.35668,-71.05257,,,
N/A,N/A,,,
42.35769,-71.05302,,,
42.3260556,-71.0631061,,,
42.321683,-71.0921683,,,
42.351467,-71.0602091,,,
N/A,N/A,,,
42.36338,-71.0526,,,
42.33536,-71.08059,,,
42.2683011,-71.1703824,,,
42.318346,-71.0814715,,,
42.3579422,-71.0702074,,,
42.3477702,-71.0796551,,,
42.38617,-71.00765,,,
42.3530884,-71.1311191,,,
42.3323132,-71.0532962,,,
42.3512892,-71.0431969,,,
42.36732,-71.05335,,,
42.3460234,-71.0624609,,,
42.3536583,-71.0582124,,,
42.3056708,-71.1145489,,,
42.36407,-71.05936,,,
42.3438137,-71.1016997,,,
42.3525749,-71.0421479,,,
42.33541,-71.08053,,,
42.36515,-71.05293,,,
N/A,N/A,,,
42.3498,-71.08244,,,
42.3609785,-71.0646682,,,
42.3423407,-71.0705298,,,
42.3583413,-71.057107,,,
42.36328,-71.05525,,,
42.3487647,-71.0780702,,,
N/A,N/A,,,
42.3534376,-71.0590825,,,
42.365,-71.06095,,,
42.28376,-71.05535,,,
42.3644441,-71.0626761,,,
42.3505054,-71.0895783,,,
42.3512702,-71.0637936,,,
42.34259,-71.09723,,,
N/A,N/A,,,
N/A,N/A,,,
42.25459,-71.12019,,,
42.3237265,-71.0680787,,,
42.3753908,-71.0380187,,,
42.3576433,-71.0536396,,,
N/A,N/A,,,
42.35927,-71.05643,,,
42.3040432,-71.0590708,,,
42.3423841,-71.0567472,,,
42.3497204,-71.0700099,,,
42.36312,-71.1333,,,
42.3506806,-71.0773616,,,
42.3531087,-71.0472198,,,
42.353531,-71.062736,,,
42.347065,-71.085643,,,
42.3368424,-71.1515161,,,
42.3492746,-71.0495207,,,
42.3499406,-71.0474108,,,
42.3126378,-71.0574925,,,
N/A,N/A,,,
42.3452921,-71.0746306,,,
42.350722,-71.131411,,,
42.3756406,-71.0393434,,,
42.35991,-71.063085,,,
42.25647,-71.12031,,,
42.3527612,-71.1317906,,,
42.319179,-71.0775497,,,
42.34679,-71.10573,,,
42.35276,-71.13185,,,
42.36407,-71.05331,,,
42.361014,-71.056731,,,
42.286416,-71.137433,,,
42.349586,-71.047643,,,
42.36629,-71.0622,,,
42.370601,-71.038751,,,
42.36147,-71.0568391,,,
42.31533,-71.09854,,,
42.36102,-71.06319,,,
42.36432,-71.05135,,,
42.337071,-71.076601,,,
42.364414,-71.055372,,,
42.357451,-71.0607003,,,
42.340975,-71.146973,,,
42.338556,-71.075908,,,
42.35651,-71.05332,,,
42.351317,-71.131249,,,
42.3597997,-71.0602011,,,
42.3395734,-71.0942022,,,
42.36741,-71.03671,,,
42.3872394,-71.016559,,,
42.3418177,-71.0723637,,,
42.3438,-71.06631,,,
42.351346,-71.064584,,,
42.2864802,-71.1290084,,,
42.3571,-71.06652,,,
42.35013,-71.07956,,,
42.39443,-71.00029,,,
42.344946,-71.10057,,,
42.370207,-71.039361,,,
42.34679,-71.06942,,,
42.3446159,-71.0632575,,,
42.3428193,-71.0565727,,,
42.3501146,-71.0440208,,,
42.354662,-71.0616847,,,
42.3603147,-71.0705706,,,
42.3473122,-71.0944895,,,
42.3494528,-71.0822368,,,
42.3585283,-71.0583635,,,
42.34716,-71.08251,,,
42.34686,-71.08089,,,
42.3507741,-71.058375,,,
42.3632116,-71.0559516,,,
42.3492536,-71.0832822,,,
42.3498323,-71.0705788,,,
42.3488226,-71.0720987,,,
42.37369,-71.038873,,,
42.36117,-71.05678,,,
42.3547152,-71.0438527,,,
42.3531087,-71.0472198,,,
42.3517604,-71.0473618,,,
42.36629,-71.0622,,,
42.36629,-71.0622,,,
42.34846,-71.08432,,,
42.3068966,-71.0666317,,,
42.2842086,-71.0644731,,,
42.34857,-71.07304,,,
42.34333,-71.06601,,,
42.3629946,-71.0550436,,,
42.3668933,-71.0599361,,,
42.3435925,-71.0446669,,,
N/A,N/A,,,
42.3102708,-71.1152555,,,
42.34823,-71.08505,,,
42.34854,-71.09385,,,
42.3654011,-71.0586691,,,
42.28632,-71.154101,,,
42.3616968,-71.056577,,,
42.3899,-70.99673,,,
N/A,N/A,,,
42.3181684,-71.0569204,,,
42.34982,-71.04804,,,
42.3469381,-71.0816893,,,
42.343679,-71.072625,,,
42.3517222,-71.046211,,,
42.3413044,-71.0872781,,,
N/A,N/A,,,
42.34859,-71.08869,,,
42.3346244,-71.1506508,,,
42.3090583,-71.1051639,,,
42.35811,-71.05933,,,
N/A,N/A,,,
42.3385526,-71.0928183,,,
N/A,N/A,,,
42.35116,-71.13119,,,
42.2439221,-71.1380588,,,
N/A,N/A,,,
42.28723,-71.12763,,,
42.3481619,-71.0808869,,,
42.3713149,-71.0611325,,,
42.3001682,-71.1131213,,,
42.348481,-71.084239,,,
42.3668456,-71.0513398,,,
42.3594616,-71.0554805,,,
42.3548238,-71.0623268,,,
42.336005,-71.040421,,,
42.2860919,-71.0647284,,,
42.3442395,-71.0311336,,,
42.34988,-71.16428,,,
42.3506426,-71.0895885,,,
42.3570234,-71.0601774,,,
42.3479441,-71.0410517,,,
42.34859,-71.08904,,,
42.3561,-71.05695,,,
42.3619593,-71.1422083,,,
42.342794,-71.066726,,,
42.3609858,-71.0666107,,,
42.3669633,-71.0581809,,,
42.280802,-71.1579113,,,
42.3484982,-71.0962205,,,
42.3373004,-71.0563445,,,
42.33542,-71.03786,,,
42.3473122,-71.0944895,,,
42.3221357,-71.0469012,,,
42.3487922,-71.0862711,,,
42.3428809,-71.0453952,,,
N/A,N/A,,,
42.3371858,-71.0435867,,,
42.3485243,-71.0732515,,,
42.37853,-71.035,,,
42.3572187,-71.0524537,,,
42.3505885,-71.060291,,,
42.33224,-71.0966,,,
42.3443511,-71.037681,,,
42.3494021,-71.0412318,,,
42.3549082,-71.1429919,,,
42.268244,-71.093378,,,
42.3515134,-71.0777786,,,
42.30928,-71.044382,,,
42.3372384,-71.0836153,,,
42.35505,-71.06209,,,
42.346842,-71.088506,,,
42.347328,-71.098676,,,
42.3531087,-71.0472198,,,
42.3389033,-71.0759496,,,
42.3596503,-71.0559497,,,
42.27317,-71.06801,,,
42.3511013,-71.0587185,,,
42.3509142,-71.047406,,,
N/A,N/A,,,
42.3506328,-71.0493836,,,
42.354316,-71.0621501,,,
42.34209,-71.07029,,,
42.3473417,-71.0950811,,,
42.3462194,-71.0430994,,,
42.322159,-71.056601,,,
42.3539029,-71.13703,,,
42.3363188,-71.0476359,,,
42.3567559,-71.0585817,,,
42.344699,-71.071387,,,
42.3406735,-71.1517305,,,
42.3512407,-71.0647122,,,
42.31848,-71.05047,,,
42.3475481,-71.0843514,,,
42.34575,-71.10049,,,
N/A,N/A,,,
42.3050668,-71.1144491,,,
42.3597709,-71.0546986,,,
42.36165,-71.05708,,,
42.3661612,-71.0526407,,,
42.3254181,-71.0584094,,,
42.35108,-71.13111,,,
42.3500513,-71.0484809,,,
42.34575,-71.10049,,,
42.34626,-71.07288,,,
42.3372384,-71.0836153,,,
42.3333626,-71.0273115,,,
42.3357584,-71.0379002,,,
42.3177,-71.06701,,,
N/A,N/A,,,
42.3512513,-71.0693751,,,
42.3566305,-71.0542794,,,
42.348545,-71.077314,,,
42.37491,-71.06367,,,
42.34741,-71.10321,,,
42.34645,-71.08526,,,
42.3485217,-71.0950995,,,
42.3201383,-71.0625604,,,
42.3609616,-71.0549468,,,
42.349476,-71.095528,,,
42.34956,-71.13491,,,
42.33771,-71.08514,,,
42.363223,-71.054789,,,
42.3538254,-71.1375953,,,
42.3494114,-71.0503974,,,
42.333456,-71.103153,,,
N/A,N/A,,,
42.3435925,-71.0446669,,,
42.3646152,-71.0623829,,,
42.349345,-71.156794,,,
42.35833,-71.07039,,,
42.3643296,-71.0629181,,,
42.3006506,-71.1127258,,,
N/A,N/A,,,
42.34185,-71.09126,,,
42.3522917,-71.1217081,,,
42.3655789,-71.0527188,,,
42.3507,-71.07617,,,
42.3396906,-71.0879831,,,
42.3585347,-71.0570706,,,
42.3477327,-71.1382899,,,
42.32008,-71.06264,,,
42.27126,-71.1052,,,
42.346771,-71.098711,,,
42.3286671,-71.0790803,,,
42.34874,-71.083445,,,
42.3475481,-71.0843514,,,
42.355123,-71.134062,,,
42.3651635,-71.0611204,,,
42.3428809,-71.0453952,,,
42.3508693,-71.0655022,,,
42.33471,-71.10204,,,
42.3511433,-71.0689496,,,
42.349301,-71.140035,,,
42.3518595,-71.0696698,,,
42.34551,-71.08107,,,
42.3632396,-71.0548522,,,
42.3483539,-71.0786102,,,
42.3484939,-71.0958084,,,
42.36427,-71.05536,,,
42.3656457,-71.0616551,,,
42.349231,-71.0786587,,,
42.2866,-71.13017,,,
42.35152,-71.06065,,,
42.3524227,-71.1289291,,,
42.3562862,-71.0575007,,,
42.3530814,-71.1306241,,,
42.348617,-71.085334,,,
42.28702,-71.12948,,,
42.36362,-71.05442,,,
42.3539864,-71.0623466,,,
42.3562862,-71.0575007,,,
42.3461225,-71.0455997,,,
42.3432579,-71.0725098,,,
42.36421,-71.05536,,,
42.35002,-71.0695,,,
42.36298,-71.05557,,,
42.35933,-71.05462,,,
42.3609785,-71.0646682,,,
N/A,N/A,,,
42.34533,-71.10015,,,
42.351662,-71.0609699,,,
42.341163,-71.1467438,,,
42.2863,-71.13052,,,
42.3320345,-71.0527579,,,
42.30355,-71.0528,,,
N/A,N/A,,,
42.3508458,-71.0605507,,,
42.3591987,-71.0271917,,,
42.310802,-71.1144585,,,
42.348943,-71.064316,,,
N/A,N/A,,,
42.370607,-71.060502,,,
42.3462194,-71.0430994,,,
42.3484939,-71.0958084,,,
42.3486118,-71.0744381,,,
42.38594,-71.00511,,,
42.36512,-71.05339,,,
42.3492886,-71.1532204,,,
42.308444,-71.0835402,,,
42.3510392,-71.0625598,,,
42.350585,-71.058431,,,
42.3521638,-71.1218378,,,
42.3731723,-71.0500923,,,
42.3620304,-71.0703621,,,
42.347065,-71.085643,,,
42.347065,-71.085643,,,
42.344299,-71.0719147,,,
N/A,N/A,,,
N/A,N/A,,,
42.3519036,-71.0374344,,,
42.35449,-71.05422,,,
42.341323,-71.084481,,,
42.3538905,-71.0626645,,,
N/A,N/A,,,
42.3765263,-71.0337987,,,
42.32199,-71.10926,,,
42.36093,-71.06901,,,
42.3610031,-71.063928,,,
42.3473243,-71.098176,,,
42.3445691,-71.1006558,,,
42.3491299,-71.0796184,,,
42.348701,-71.081632,,,
42.2964342,-71.1568087,,,
42.34551,-71.08107,,,
42.3522103,-71.06809,,,
42.3571226,-71.0609283,,,
42.35952,-71.05875,,,
42.35108,-71.06004,,,
42.3781683,-71.0288702,,,
42.364676,-71.0556585,,,
42.3448,-71.08944,,,
42.3438019,-71.0723509,,,
42.34995,-71.05033,,,
42.3863757,-71.0070415,,,
42.3546403,-71.0452526,,,
42.35114,-71.06076,,,
42.3543134,-71.0445871,,,
42.3429936,-71.0993591,,,
42.3380068,-71.0356803,,,
42.3653386,-71.0598524,,,
42.3613453,-71.056792,,,
42.37889,-71.02888,,,
42.34269,-71.06486,,,
42.3547984,-71.0631013,,,
42.28084,-71.13438,,,
42.35838,-71.06178,,,
42.34989,-71.13029,,,
42.3369367,-71.0758806,,,
42.3602144,-71.0506765,,,
42.3382163,-71.1065612,,,
42.335139,-71.04595,,,
42.3406475,-71.0823202,,,
42.32662,-71.0583,,,
42.35061,-71.07967,,,
42.3633717,-71.0557991,,,
42.3372868,-71.0561191,,,
42.3531087,-71.0472198,,,
42.3222722,-71.0608483,,,
42.3656102,-71.0559701,,,
42.3736475,-71.0623901,,,
N/A,N/A,,,
42.35469,-71.05379,,,
42.32837,-71.08064,,,
42.28316,-71.05602,,,
42.3423266,-71.0969516,,,
N/A,N/A,,,
42.353827,-71.059166,,,
42.3606281,-71.0566475,,,
42.35664,-71.06994,,,
42.3573,-71.05744,,,
42.342304,-71.0538348,,,
42.2607771,-71.1571215,,,
42.34611,-71.09884,,,
42.3424472,-71.0559659,,,
42.350447,-71.064784,,,
42.3485374,-71.038733,,,
42.3472368,-71.0506432,,,
42.3499384,-71.0443448,,,
42.3633797,-71.0539618,,,
42.2802807,-71.1191374,,,
42.3566107,-71.1401459,,,
42.3532432,-71.1366491,,,
42.3472482,-71.0788696,,,
N/A,N/A,,,
42.343447,-71.068707,,,
42.359225,-71.065661,,,
42.3500439,-71.0654632,,,
42.3508,-71.0602,,,
42.3535075,-71.1334696,,,
42.352636,-71.131291,,,
42.3481743,-71.0828743,,,
42.3457537,-71.0840115,,,
42.3568861,-71.0599391,,,
42.3448415,-71.102449,,,
N/A,N/A,,,
42.3358013,-71.0365623,,,
42.28452,-71.1556,,,
42.34935,-71.08121,,,
42.3492215,-71.0815887,,,
42.3480517,-71.085767,,,
42.34931,-71.08274,,,
N/A,N/A,,,
42.3437983,-71.1013987,,,
42.293937,-71.13618,,,
N/A,N/A,,,
42.3507623,-71.0613484,,,
42.376666,-71.0565145,,,
42.356433,-71.1447537,,,
42.33793,-71.04892,,,
42.3583363,-71.0625811,,,
42.33253,-71.0666401,,,
42.30628,-71.10743,,,
42.34862,-71.08407,,,
42.287388,-71.127396,,,
N/A,N/A,,,
N/A,N/A,,,
42.3432,-71.08656,,,
42.3482486,-71.0726908,,,
42.3500914,-71.0471416,,,
42.35827,-71.0533,,,
42.357234,-71.070195,,,
42.354514,-71.056993,,,
42.2999528,-71.0585333,,,
42.348928,-71.040843,,,
42.364054,-71.0557336,,,
N/A,N/A,,,
42.3358,-71.03763,,,
42.3454408,-71.0969584,,,
42.3534198,-71.1384696,,,
42.3432462,-71.14271,,,
42.3605358,-71.054858,,,
42.3513773,-71.0654816,,,
42.3508672,-71.0718845,,,
42.34861,-71.07882,,,
42.357493,-71.060101,,,
42.3639337,-71.062461,,,
42.3363,-71.04743,,,
42.35772,-71.05907,,,
42.34996,-71.06617,,,
42.31082,-71.11487,,,
42.34679,-71.08871,,,
42.35059,-71.04938,,,
42.3370393,-71.0476896,,,
42.376744,-71.056442,,,
42.28563,-71.11914,,,
42.3512513,-71.0693751,,,
42.35307,-71.06292,,,
42.351317,-71.131249,,,
42.3619674,-71.0506712,,,
42.3633483,-71.0545593,,,
42.350421,-71.0600003,,,
N/A,N/A,,,
N/A,N/A,,,
42.365582,-71.058131,,,
42.3587272,-71.0526042,,,
42.3415528,-71.1542786,,,
42.3644076,-71.0604704,,,
42.3537449,-71.0530119,,,
42.3653386,-71.0598524,,,
42.3658172,-71.0594413,,,
N/A,N/A,,,
42.36455,-71.05571,,,
N/A,N/A,,,
42.38599,-71.00526,,,
42.35814,-71.06152,,,
42.3520071,-71.0599122,,,
42.3510681,-71.0571496,,,
42.271683,-71.07348,,,
N/A,N/A,,,
42.36095,-71.067989,,,
42.3281068,-71.0682326,,,
42.3507234,-71.0609638,,,
42.35806,-71.06972,,,
42.268188,-71.093056,,,
42.3125348,-71.1143544,,,
42.3535217,-71.0461291,,,
42.36369,-71.05591,,,
N/A,N/A,,,
N/A,N/A,,,
42.3636628,-71.0518884,,,
N/A,N/A,,,
42.338415,-71.049876,,,
42.35021,-71.13215,,,
42.35704,-71.06017,,,
42.3464471,-71.0752813,,,
42.36372,-71.05425,,,
42.36252,-71.0507207,,,
42.35958,-71.05404,,,
42.3444627,-71.1028961,,,
42.35838,-71.07042,,,
42.3648,-71.0608,,,
42.3006976,-71.1126385,,,
42.28625,-71.07182,,,
42.2838196,-71.0448397,,,
42.3573926,-71.0520397,,,
42.36405,-71.05368,,,
42.3472968,-71.0814575,,,
42.351933,-71.0670037,,,
42.2806799,-71.1585563,,,
42.3472779,-71.0754514,,,
42.350679,-71.076273,,,
42.343895,-71.071263,,,
42.3397501,-71.0823984,,,
42.38717,-71.0086,,,
42.2860438,-71.1556681,,,
42.3567666,-71.051989,,,
42.3462432,-71.0752001,,,
42.333112,-71.027318,,,
42.3609131,-71.137637,,,
42.35762,-71.06279,,,
42.344844,-71.0709851,,,
42.34954,-71.15313,,,
42.33615,-71.04718,,,
42.29799,-71.04993,,,
42.3489017,-71.1525294,,,
42.3862674,-71.0073792,,,
42.3471636,-71.0990812,,,
42.36388,-71.05416,,,
42.3147804,-71.114279,,,
42.35084,-71.07311,,,
42.3470714,-71.0427243,,,
42.3495081,-71.0702427,,,
42.32933,-71.08496,,,
42.31248,-71.05504,,,
42.34376,-71.07146,,,
42.36421,-71.06134,,,
42.3491299,-71.0796184,,,
42.36286,-71.05408,,,
42.3656457,-71.0616551,,,
42.3430269,-71.0570299,,,
42.357927,-71.0620094,,,
42.29752,-71.06078,,,
42.3572402,-71.0702696,,,
42.3500619,-71.0658205,,,
42.351434,-71.063278,,,
42.3542453,-71.0548401,,,
42.35315,-71.06403,,,
42.34982,-71.13342,,,
42.34523,-71.08713,,,
42.35089,-71.07854,,,
42.348878,-71.152342,,,
42.314816,-71.114315,,,
42.36399,-71.05357,,,
42.35002,-71.16567,,,
42.3315014,-71.0420707,,,
42.3417599,-71.0873609,,,
42.38249,-71.03909,,,
42.3416916,-71.0568539,,,
42.3485338,-71.0361072,,,
42.351269,-71.060789,,,
42.2915031,-71.0389109,,,
42.3367915,-71.0769408,,,
42.35477,-71.05613,,,
42.37419,-71.06311,,,
42.34452,-71.07018,,,
42.35778,-71.14858,,,
42.3631966,-71.0562794,,,
42.35139,-71.08185,,,
42.3526,-71.1306,,,
42.34968,-71.04281,,,
N/A,N/A,,,
42.369961,-71.039351,,,
42.35148,-71.06045,,,
N/A,N/A,,,
42.28635,-71.09111,,,
42.3638453,-71.0547269,,,
42.34612,-71.09929,,,
42.35432,-71.058621,,,
42.3347813,-71.1505147,,,
42.352854,-71.132515,,,
42.3190249,-71.045007,,,
42.342141,-71.065789,,,
42.3637,-71.13638,,,
42.3634922,-71.0549905,,,
42.3472968,-71.0814575,,,
42.35464,-71.05374,,,
42.31124,-71.11473,,,
42.352008,-71.042559,,,
42.3745767,-71.0388039,,,
42.35167,-71.07034,,,
42.28597,-71.12914,,,
42.3288652,-71.0832123,,,
42.3546403,-71.0452526,,,
42.3480176,-71.035836,,,
42.3465416,-71.0510672,,,
42.24166,-71.14034,,,
42.3447972,-71.070981,,,
42.35029,-71.08951,,,
42.3673494,-71.0706033,,,
42.29878,-71.06296,,,
N/A,N/A,,,
42.3447735,-71.0982788,,,
42.3440089,-71.0987841,,,
42.3506371,-71.0484433,,,
42.2399811,-71.1414382,,,
42.36509,-71.05559,,,
42.3490959,-71.0835404,,,
42.2839702,-71.0552712,,,
42.35537,-71.13028,,,
42.2875106,-71.1506894,,,
42.35943,-71.05113,,,
42.35449,-71.134409,,,
42.344946,-71.10057,,,
42.360208,-71.0507626,,,
42.3516389,-71.1241233,,,
42.3574724,-71.0555973,,,
42.3506882,-71.0646687,,,
42.349444,-71.084498,,,
42.35081,-71.07581,,,
42.38393,-71.07064,,,
42.3507764,-71.0662293,,,
42.3511953,-71.0641616,,,
42.3590648,-71.059326,,,
42.31898,-71.08113,,,
42.3593563,-71.0579823,,,
42.3508672,-71.0718845,,,
42.3387641,-71.0988446,,,
42.3387641,-71.0988446,,,
42.34949,-71.08905,,,
42.36402,-71.0545,,,
42.3557766,-71.0595256,,,
42.3499646,-71.0654671,,,
N/A,N/A,,,
42.31897,-71.05648,,,
42.2760027,-71.1672229,,,
N/A,N/A,,,
42.3492416,-71.0844487,,,
42.3544654,-71.0552987,,,
42.339341,-71.0806546,,,
42.3561117,-71.1326294,,,
42.360364,-71.070575,,,
N/A,N/A,,,
42.3429128,-71.0729945,,,
42.3472482,-71.0788696,,,
42.3762318,-71.0356291,,,
42.3557766,-71.0595256,,,
42.35577,-71.05838,,,
42.31888,-71.05648,,,
42.34657,-71.08384,,,
42.338328,-71.049724,,,
42.3099525,-71.1155997,,,
42.3337389,-71.1052502,,,
42.3416311,-71.0696129,,,
42.36652,-71.05478,,,
42.342524,-71.085826,,,
42.3506882,-71.0646687,,,
42.35193,-71.07166,,,
42.35958,-71.05404,,,
N/A,N/A,,,
42.34957,-71.10598,,,
42.3427266,-71.0565191,,,
N/A,N/A,,,
42.37153,-71.03884,,,
42.3474305,-71.0774359,,,
42.36453,-71.05349,,,
42.3494175,-71.0717786,,,
42.28746,-71.15016,,,
N/A,N/A,,,
42.364563,-71.05416,,,
42.36566,-71.05779,,,
42.3364637,-71.1494148,,,
42.3433558,-71.1426317,,,
42.3601648,-71.0495127,,,
42.3263346,-71.0619243,,,
42.3595928,-71.0539515,,,
42.380893,-71.011853,,,
42.3440089,-71.0987841,,,
N/A,N/A,,,
42.3521858,-71.1320603,,,
42.34165,-71.0692806,,,
42.3492,-71.08312,,,
N/A,N/A,,,
42.3485797,-71.0744597,,,
42.3615301,-71.0557813,,,
42.2852257,-71.0914337,,,
42.34606,-71.08786,,,
42.34966,-71.08314,,,
42.348857,-71.15198,,,
42.3442874,-71.0361239,,,
42.37948,-71.02739,,,
42.3637251,-71.0549434,,,
42.3414,-71.08034,,,
42.37829,-71.03215,,,
42.346725,-71.069653,,,
42.30591,-71.0586,,,
42.34833,-71.08626,,,
42.3533914,-71.0607372,,,
42.3304887,-71.0567306,,,
42.3522756,-71.0437809,,,
42.3214,-71.07724,,,
42.3542199,-71.0480504,,,
42.3507242,-71.0609795,,,
42.3551585,-71.0616685,,,
42.3541,-71.05228,,,
42.37556,-71.053919,,,
N/A,N/A,,,
N/A,N/A,,,
42.3559068,-71.0501652,,,
42.3574655,-71.0626314,,,
N/A,N/A,,,
42.35692,-71.06965,,,
42.349853,-71.0577171,,,
N/A,N/A,,,
42.2881956,-71.0551418,,,
42.34889,-71.15328,,,
42.3389873,-71.1076943,,,
42.3488371,-71.1404292,,,
42.3326852,-71.0729217,,,
42.321424,-71.0565302,,,
42.2884891,-71.08974,,,
42.376028,-71.035541,,,
42.3312513,-71.0412811,,,
42.29396,-71.08371,,,
N/A,N/A,,,
N/A,N/A,,,
42.32709,-71.06764,,,
42.335339,-71.04242,,,
42.35927,-71.05643,,,
42.3719668,-71.0388179,,,
42.3650548,-71.0614098,,,
N/A,N/A,,,
42.3509142,-71.047406,,,
42.34855,-71.07731,,,
42.3505182,-71.060306,,,
42.348701,-71.081632,,,
42.34988,-71.0893,,,
42.3412268,-71.0705309,,,
42.28595,-71.15582,,,
42.296407,-71.157202,,,
42.3492828,-71.0706516,,,
N/A,N/A,,,
42.36652,-71.05788,,,
42.3507978,-71.0427983,,,
42.3542275,-71.0456218,,,
42.3601998,-71.0547982,,,
42.35075,-71.13098,,,
42.3485271,-71.1391064,,,
42.3630711,-71.0538363,,,
42.348545,-71.077314,,,
42.3601998,-71.0547982,,,
42.2992392,-71.0605943,,,
42.3153417,-71.0568699,,,
42.3449604,-71.0376773,,,
N/A,N/A,,,
42.34192,-71.05524,,,
42.3420485,-71.0675845,,,
42.3529746,-71.0523657,,,
42.382197,-71.07937,,,
N/A,N/A,,,
42.3314909,-71.0825417,,,
N/A,N/A,,,
42.35115,-71.0604,,,
42.26106,-71.15755,,,
42.3738839,-71.0628072,,,
42.36486,-71.06185,,,
42.35092,-71.07668,,,
42.34818,-71.13995,,,
42.36298,-71.05557,,,
42.3569282,-71.0603135,,,
42.3581714,-71.0625194,,,
42.346725,-71.069653,,,
42.35112,-71.07758,,,
42.3495836,-71.0997856,,,
42.355123,-71.134062,,,
42.356898,-71.070971,,,
42.34881,-71.09936,,,
42.32415,-71.08906,,,
42.37529,-71.0383,,,
42.3634845,-71.0538473,,,
42.36968,-71.03866,,,
42.3128757,-71.0650212,,,
42.34589,-71.08739,,,
42.36414,-71.05435,,,
N/A,N/A,,,
42.3572546,-71.0595806,,,
42.36418,-71.05538,,,
42.3659381,-71.0632925,,,
42.3507438,-71.1090381,,,
42.3521527,-71.1216933,,,
42.3642869,-71.0556286,,,
42.282845,-71.0914988,,,
42.30505,-71.08433,,,
42.3583854,-71.0539489,,,
42.36467,-71.05276,,,
42.363247,-71.054762,,,
42.34982,-71.08927,,,
42.33363,-71.10549,,,
42.33201,-71.08248,,,
42.37608,-71.0361,,,
42.35744,-71.05316,,,
42.35841,-71.06197,,,
42.3479421,-71.0395126,,,
42.2684,-71.09422,,,
42.3324707,-71.0512801,,,
42.3703,-71.03806,,,
42.35032,-71.13187,,,
42.3702346,-71.0318682,,,
42.3517577,-71.0644912,,,
42.3871158,-71.0063095,,,
N/A,N/A,,,
42.3606357,-71.0565831,,,
42.34418,-71.14335,,,
42.34895,-71.15456,,,
42.3411463,-71.0814904,,,
42.3083457,-71.1052842,,,
N/A,N/A,,,
42.3444361,-71.0990841,,,
42.3559817,-71.0712993,,,
42.3338421,-71.1033411,,,
42.36328,-71.05525,,,
42.36412,-71.05438,,,
42.3525027,-71.1185806,,,
42.3521664,-71.1176803,,,
42.3605535,-71.0547111,,,
N/A,N/A,,,
42.34651,-71.07976,,,
42.3485,-71.07476,,,
42.309019,-71.083257,,,
42.364531,-71.055371,,,
42.3572325,-71.0609793,,,
42.34651,-71.07976,,,
42.3521664,-71.1176803,,,
42.34189,-71.07978,,,
42.296407,-71.157202,,,
42.3491035,-71.0388892,,,
42.3033499,-71.0787607,,,
42.35959,-71.05386,,,
42.35913,-71.05419,,,
42.3581875,-71.0702667,,,
42.286819,-71.12987,,,
42.3488756,-71.0383909,,,
42.3495185,-71.0952562,,,
42.3321675,-71.0370915,,,
42.27366,-71.1693,,,
42.3543134,-71.0445871,,,
42.2434039,-71.1426707,,,
42.35302,-71.13052,,,
42.3629725,-71.0550895,,,
42.35268,-71.12333,,,
42.34297,-71.07841,,,
42.34314,-71.07372,,,
42.3512229,-71.0682091,,,
42.3630842,-71.0549483,,,
42.3606993,-71.0563422,,,
42.34854,-71.09422,,,
42.3639,-71.05477,,,
42.3497298,-71.0811552,,,
42.31435,-71.11429,,,
42.3642277,-71.0325498,,,
42.36327,-71.0559,,,
42.3636572,-71.0548308,,,
42.3289027,-71.0570814,,,
42.3499,-71.15277,,,
42.3494298,-71.0806295,,,
42.25062,-71.12573,,,
N/A,N/A,,,
42.360991,-71.066822,,,
42.351384,-71.0600284,,,
42.3620304,-71.0703621,,,
42.35705,-71.05283,,,
42.34577,-71.08734,,,
42.3446437,-71.0995106,,,
42.3495185,-71.0952562,,,
42.36328,-71.05408,,,
42.272219,-71.069194,,,
42.3448854,-71.0642243,,,
N/A,N/A,,,
42.35101,-71.06162,,,
42.36397,-71.05454,,,
42.30123,-71.06007,,,
42.345009,-71.080893,,,
42.291766,-71.0403654,,,
42.327261,-71.059438,,,
42.3419897,-71.0870813,,,
42.35004,-71.07857,,,
42.3368424,-71.1515161,,,
42.336581,-71.037278,,,
42.3542275,-71.0456218,,,
42.3117901,-71.1145302,,,
42.35913,-71.05281,,,
42.3491586,-71.0724318,,,
42.3508672,-71.0718845,,,
42.34081,-71.06744,,,
42.3486005,-71.0788182,,,
42.35044,-71.16784,,,
42.3123645,-71.1139684,,,
42.3752642,-71.0544851,,,
42.3518344,-71.0568606,,,
42.34284,-71.07861,,,
42.3536916,-71.0482938,,,
42.34112,-71.07063,,,
42.3440089,-71.0987841,,,
42.353895,-71.048576,,,
42.3656457,-71.0616551,,,
42.35084,-71.07879,,,
42.29061,-71.0728256,,,
42.2933442,-71.1368596,,,
42.35916,-71.0542918,,,
42.33464,-71.0356,,,
42.33082,-71.09777,,,
42.32992,-71.05298,,,
42.237178,-71.132471,,,
42.3465791,-71.0753578,,,
42.30992,-71.09152,,,
42.38011,-71.02607,,,
42.35744,-71.06982,,,
42.3752704,-71.0544745,,,
42.31506,-71.09877,,,
42.353633,-71.057366,,,
42.3514293,-71.0626982,,,
42.3351354,-71.0459744,,,
42.36335,-71.05584,,,
42.34843,-71.08442,,,
42.3471793,-71.0778381,,,
42.350797,-71.0758486,,,
42.26667,-71.09563,,,
42.3607181,-71.0564555,,,
42.32265,-71.1016,,,
42.3597709,-71.0546986,,,
42.348559,-71.0722908,,,
42.363612,-71.1300331,,,
42.33388,-71.10344,,,
42.3594172,-71.0511296,,,
42.3519144,-71.0553894,,,
42.3146443,-71.0603221,,,
42.3596555,-71.0559386,,,
42.3507094,-71.0613158,,,
N/A,N/A,,,
42.3672865,-71.0357392,,,
42.3508672,-71.0718845,,,
42.3757024,-71.0404516,,,
42.3457537,-71.0840115,,,
N/A,N/A,,,
42.3486365,-71.0377903,,,
42.2858918,-71.1542642,,,
42.3485374,-71.038733,,,
42.2867,-71.04513,,,
42.3432047,-71.0867492,,,
42.3435078,-71.0837204,,,
42.34716,-71.08251,,,
42.3601998,-71.0547982,,,
42.34565,-71.08728,,,
42.3538,-71.13733,,,
42.354514,-71.056993,,,
42.3616,-71.05706,,,
42.351588,-71.08093,,,
42.33841,-71.10685,,,
42.3474305,-71.0774359,,,
42.36544,-71.05756,,,
42.373035,-71.036208,,,
42.3497509,-71.081078,,,
42.35825,-71.06224,,,
42.3547711,-71.1464761,,,
N/A,N/A,,,
42.3509601,-71.0647751,,,
42.37264,-71.03526,,,
N/A,N/A,,,
42.2823763,-71.0476587,,,
42.35305,-71.13417,,,
N/A,N/A,,,
42.35112,-71.06011,,,
42.2833624,-71.1316693,,,
42.2708913,-71.1719016,,,
42.3223372,-71.1092705,,,
42.3577084,-71.0562809,,,
42.34681,-71.0745,,,
42.3444818,-71.0702704,,,
42.3400193,-71.0677716,,,
42.34464,-71.06991,,,
42.32228,-71.10956,,,
42.3690291,-71.039179,,,
42.2788,-71.11601,,,
42.3573122,-71.0545529,,,
42.27626,-71.13884,,,
N/A,N/A,,,
N/A,N/A,,,
42.3358773,-71.045279,,,
42.344027,-71.077869,,,
N/A,N/A,,,
42.36457,-71.05344,,,
42.36117,-71.05678,,,
42.3609797,-71.0649716,,,
42.3646689,-71.0538306,,,
N/A,N/A,,,
42.36271,-71.0553,,,
42.36461,-71.05261,,,
42.38405,-71.00466,,,
42.36097,-71.066211,,,
N/A,N/A,,,
42.35845,-71.06084,,,
42.33355,-71.10562,,,
42.3340529,-71.0350917,,,
42.3601998,-71.0547982,,,
42.3649942,-71.053068,,,
42.2885034,-71.1346404,,,
42.36564,-71.0527,,,
42.344074,-71.077812,,,
42.37903,-71.03989,,,
42.36488,-71.05315,,,
42.3135306,-71.0568604,,,
42.3397532,-71.0649979,,,
42.2749929,-71.1147797,,,
42.33987,-71.07875,,,
42.35291,-71.13293,,,
42.36405,-71.05368,,,
42.378888,-71.027796,,,
42.25421,-71.1291,,,
42.3548637,-71.0618435,,,
42.351434,-71.063278,,,
42.37273,-71.0392,,,
42.36002,-71.11832,,,
42.36385,-71.05146,,,
42.2782571,-71.137276,,,
N/A,N/A,,,
42.3755733,-71.0388355,,,
42.35813,-71.06179,,,
42.283821,-71.071344,,,
42.3330642,-71.1075716,,,
42.360769,-71.070282,,,
42.37831,-71.03898,,,
42.36185,-71.06661,,,
42.3579751,-71.0547737,,,
42.378974,-71.028672,,,
42.3636274,-71.0612902,,,
42.3512846,-71.0786484,,,
42.3512846,-71.0786484,,,
42.2669675,-71.1205533,,,
42.3469571,-71.0879571,,,
42.3626989,-71.0553097,,,
N/A,N/A,,,
42.34186,-71.08059,,,
42.3571726,-71.0596515,,,
42.33403,-71.05504,,,
42.3653932,-71.0532711,,,
42.349403,-71.155309,,,
42.35891,-71.06259,,,
42.3467794,-71.0761003,,,
N/A,N/A,,,
42.343631,-71.0626793,,,
42.28679,-71.1534,,,
N/A,N/A,,,
42.31979,-71.112,,,
42.27157,-71.07364,,,
42.3738874,-71.0626476,,,
42.373892,-71.0626371,,,
42.27744,-71.17265,,,
42.3332282,-71.0823471,,,
42.2955901,-71.08799,,,
42.35904,-71.05356,,,
42.345268,-71.096381,,,
42.323294,-71.056615,,,
42.3318998,-71.1118157,,,
42.356053,-71.057513,,,
42.32933,-71.06329,,,
N/A,N/A,,,
42.35139,-71.06457,,,
42.35477,-71.05613,,,
42.37986,-71.02689,,,
42.34823,-71.0866,,,
42.3547055,-71.0504127,,,
42.283334,-71.112034,,,
42.36338,-71.05517,,,
42.28062,-71.1348,,,
42.3424064,-71.0567204,,,
42.3370383,-71.048516,,,
42.3406961,-71.1517644,,,
42.28845,-71.13477,,,
42.3480303,-71.0392493,,,
42.3491633,-71.0831865,,,
42.35002,-71.07865,,,
42.3589675,-71.05502,,,
42.3480414,-71.0381418,,,
42.3110835,-71.0700394,,,
42.358225,-71.126256,,,
42.35195,-71.06103,,,
42.3693712,-71.0403227,,,
42.376122,-71.0360494,,,
42.36258,-71.13071,,,
42.3643338,-71.0666691,,,
42.33841,-71.10685,,,
42.31168,-71.05351,,,
N/A,N/A,,,
N/A,N/A,,,
42.3432727,-71.1423917,,,
42.297434,-71.049881,,,
42.333487,-71.105724,,,
42.2897077,-71.0630293,,,
42.2815889,-71.0713187,,,
42.2562264,-71.1242508,,,
42.3453096,-71.0370094,,,
42.36446,-71.05357,,,
42.33253,-71.05187,,,
42.3097015,-71.1045906,,,
42.35582,-71.0604,,,
42.3097015,-71.1045906,,,
42.3628492,-71.0516085,,,
42.34989,-71.08208,,,
42.3524111,-71.1253295,,,
42.3524317,-71.1317111,,,
42.351353,-71.059891,,,
42.3577192,-71.0590705,,,
42.2833909,-71.0914101,,,
42.343109,-71.068616,,,
42.36623,-71.05497,,,
42.3222561,-71.1096408,,,
42.2853955,-71.0646334,,,
42.35064,-71.07645,,,
42.34941,-71.0824,,,
42.3506426,-71.0895885,,,
42.34225,-71.08614,,,
42.3425747,-71.0972793,,,
42.37545,-71.03788,,,
42.3498226,-71.1310382,,,
42.31853,-71.11209,,,
42.38254,-71.0792,,,
42.2852795,-71.1099981,,,
42.2898696,-71.0893176,,,
42.286098,-71.1290184,,,
42.2723683,-71.0938903,,,
42.38222,-71.07906,,,
42.3445691,-71.1006558,,,
N/A,N/A,,,
42.3621085,-71.0659814,,,
42.3628412,-71.0598228,,,
42.2804401,-71.0841391,,,
42.3538214,-71.1372784,,,
42.32937,-71.08446,,,
N/A,N/A,,,
42.3355451,-71.0881885,,,
42.3600383,-71.0562287,,,
42.3569829,-71.0535671,,,
42.3472968,-71.0814575,,,
42.356884,-71.059129,,,
42.3579893,-71.0560026,,,
42.344895,-71.100697,,,
42.3402495,-71.1665322,,,
42.3320451,-71.0737262,,,
42.3369941,-71.0772124,,,
42.3591333,-71.0557381,,,
42.35234,-71.06703,,,
42.29043,-71.07184,,,
42.287192,-71.152571,,,
42.35199,-71.06439,,,
N/A,N/A,,,
N/A,N/A,,,
42.3920347,-71.0132267,,,
N/A,N/A,,,
42.350728,-71.1309701,,,
42.3424064,-71.0567204,,,
42.36329,-71.0547,,,
42.3093946,-71.0820622,,,
42.3519592,-71.0550268,,,
42.34577,-71.08734,,,
42.3519592,-71.0550268,,,
42.360131,-71.0549545,,,
42.35127,-71.04937,,,
42.3537723,-71.0584995,,,
42.33799,-71.10448,,,
42.3515521,-71.060929,,,
42.3601998,-71.0547982,,,
42.35582,-71.0604,,,
42.3400479,-71.0888916,,,
42.3375778,-71.0902106,,,
42.350198,-71.166855,,,
42.34004,-71.10831,,,
42.34691,-71.08802,,,
42.35468,-71.05494,,,
42.34978,-71.08272,,,
42.3575522,-71.0584612,,,
42.3509659,-71.0622419,,,
42.3625175,-71.1382162,,,
42.34884,-71.08449,,,
42.358715,-71.05742,,,
42.3327831,-71.083221,,,
42.3411463,-71.0814904,,,
42.3796265,-71.0269287,,,
42.3712509,-71.0612708,,,
42.3375934,-71.1082792,,,
42.3360492,-71.046876,,,
42.3524,-71.12881,,,
42.3763001,-71.0389595,,,
42.28651,-71.04467,,,
42.3688329,-71.0393279,,,
N/A,N/A,,,
42.3688329,-71.0393279,,,
42.3519592,-71.0550268,,,
42.3523835,-71.1253001,,,
42.3581148,-71.0553173,,,
42.38254,-71.0792,,,
42.3523835,-71.1253001,,,
42.3423015,-71.0673786,,,
42.32169,-71.11063,,,
N/A,N/A,,,
42.3542901,-71.0664198,,,
42.3375934,-71.1082792,,,
42.3223768,-71.1091292,,,
42.3170297,-71.0980112,,,
42.2682,-71.09578,,,
42.3288039,-71.0831696,,,
42.2696218,-71.0932096,,,
42.3484101,-71.0738516,,,
42.35137,-71.04881,,,
42.35426,-71.0566,,,
42.355123,-71.134062,,,
42.28922,-71.07283,,,
42.375809,-71.0389,,,
42.359276,-71.062359,,,
42.35049,-71.168372,,,
42.33841,-71.10685,,,
42.30074,-71.05978,,,
42.3013797,-71.1280786,,,
42.35453,-71.05363,,,
42.368982,-71.039212,,,
42.3581087,-71.0587001,,,
N/A,N/A,,,
42.338351,-71.074821,,,
42.3563251,-71.0619418,,,
42.3437275,-71.0895816,,,
42.375406,-71.0404851,,,
42.3399816,-71.0492405,,,
42.32271,-71.10341,,,
42.35093,-71.06158,,,
42.38589,-71.00835,,,
42.31931,-71.07795,,,
42.35292,-71.13306,,,
42.351269,-71.060789,,,
42.2748012,-71.139871,,,
42.3313735,-71.0957787,,,
42.3629165,-71.0641647,,,
42.27646,-71.16677,,,
42.37326,-71.03884,,,
42.34094,-71.08811,,,
42.34889,-71.15328,,,
N/A,N/A,,,
42.3576,-71.05393,,,
42.35787,-71.05337,,,
42.35075,-71.13098,,,
42.3561357,-71.0540683,,,
42.27083,-71.17264,,,
42.25864,-71.16071,,,
42.34056,-71.0821,,,
42.3758705,-71.065379,,,
42.3425749,-71.0973199,,,
42.3631977,-71.0687715,,,
42.3672375,-71.0363509,,,
42.343135,-71.098841,,,
42.2522273,-71.1181614,,,
42.359648,-71.055955,,,
42.3328551,-71.051318,,,
42.3561,-71.05695,,,
42.3147919,-71.0566113,,,
42.350415,-71.038224,,,
42.3354,-71.03839,,,
42.3430748,-71.0990294,,,
42.3643338,-71.0666691,,,
42.3487024,-71.1589497,,,
42.331862,-71.096356,,,
42.3513843,-71.0623167,,,
42.3577235,-71.0578729,,,
42.37218,-71.0364,,,
42.29402,-71.13681,,,
42.3402435,-71.1665017,,,
42.365007,-71.057184,,,
42.35394,-71.06372,,,
42.37751,-71.0667,,,
42.32143,-71.11091,,,
42.3104447,-71.1151803,,,
42.353869,-71.13572,,,
42.3472968,-71.0814575,,,
42.3222798,-71.1075382,,,
42.35145,-71.06456,,,
42.2964342,-71.1568087,,,
42.345715,-71.08731,,,
42.3609638,-71.068039,,,
42.2733988,-71.0679489,,,
42.38014,-71.02729,,,
N/A,N/A,,,
42.31579,-71.09794,,,
42.29298,-71.07162,,,
42.355123,-71.134062,,,
42.2828,-71.1131,,,
42.3364202,-71.1495739,,,
42.35862,-71.1573,,,
42.371833,-71.036223,,,
42.30884,-71.10539,,,
N/A,N/A,,,
42.3525646,-71.1303711,,,
42.3533306,-71.0526073,,,
N/A,N/A,,,
N/A,N/A,,,
42.29712,-71.06048,,,
42.3529867,-71.1336687,,,
42.35031,-71.079,,,
42.3489598,-71.1535981,,,
42.341274,-71.087336,,,
42.31545,-71.09841,,,
42.3622571,-71.1408894,,,
42.3527614,-71.1318498,,,
42.28641,-71.13043,,,
N/A,N/A,,,
N/A,N/A,,,
42.34935,-71.0826,,,
42.2672453,-71.0943048,,,
42.36611,-71.05943,,,
42.35164,-71.06159,,,
42.34544,-71.07244,,,
42.34209,-71.07029,,,
42.3203474,-71.0821655,,,
42.275785,-71.114144,,,
42.2644024,-71.1678203,,,
42.2865,-71.04383,,,
42.344071,-71.1432084,,,
42.35352,-71.13797,,,
42.33781,-71.02735,,,
42.30114,-71.05975,,,
42.28285,-71.05562,,,
42.35071,-71.05826,,,
42.252873,-71.124529,,,
42.3491548,-71.0623071,,,
42.38687,-71.00687,,,
42.3099963,-71.1155176,,,
42.27049,-71.09321,,,
42.37874,-71.02813,,,
42.33041,-71.0943,,,
42.3471636,-71.0990812,,,
42.3495739,-71.1479791,,,
42.346919,-71.0341579,,,
42.3508817,-71.1275916,,,
42.3542833,-71.0586935,,,
42.35672,-71.05226,,,
42.35693,-71.05306,,,
42.283334,-71.112034,,,
42.35303,-71.1339,,,
42.34965,-71.08001,,,
42.3536791,-71.1356699,,,
42.2823231,-71.0551091,,,
42.37871,-71.02818,,,
42.3499798,-71.1644281,,,
42.27986,-71.15831,,,
42.2964342,-71.1568087,,,
42.32487,-71.07551,,,
42.3870082,-71.0073512,,,
42.3082114,-71.0586977,,,
42.35701,-71.05761,,,
42.3511128,-71.0627967,,,
42.3517718,-71.0574886,,,
N/A,N/A,,,
42.35953,-71.06344,,,
42.34112,-71.07063,,,
42.359648,-71.055955,,,
42.33983,-71.05188,,,
42.28332,-71.13172,,,
42.33544,-71.07473,,,
42.3772915,-71.0389777,,,
42.379462,-71.027893,,,
42.34012,-71.05676,,,
42.3363,-71.04743,,,
42.3523946,-71.1287184,,,
42.2399811,-71.1414382,,,
42.3317484,-71.1117621,,,
42.34896,-71.15375,,,
42.38599,-71.00526,,,
42.323016,-71.103877,,,
42.323016,-71.103877,,,
42.3472779,-71.0754514,,,
42.3519592,-71.0550268,,,
42.3513843,-71.0623167,,,
42.34145,-71.15433,,,
42.30517,-71.06811,,,
N/A,N/A,,,
42.3534924,-71.0596692,,,
42.3156826,-71.06599,,,
42.371665,-71.042087,,,
42.3828618,-71.0398,,,
42.265116,-71.0994711,,,
42.3472779,-71.0754514,,,
42.3120278,-71.1139493,,,
N/A,N/A,,,
42.3609854,-71.0664812,,,
N/A,N/A,,,
42.351561,-71.073022,,,
N/A,N/A,,,
42.34716,-71.08251,,,
42.3408892,-71.081744,,,
42.35154,-71.06073,,,
42.35468,-71.13543,,,
42.36274,-71.07014,,,
42.3508672,-71.0718845,,,
42.3647125,-71.0619318,,,
42.35302,-71.13052,,,
42.30215,-71.05997,,,
42.25787,-71.1608,,,
42.35359,-71.13892,,,
42.3521034,-71.1320386,,,
42.28559,-71.11089,,,
42.350379,-71.165211,,,
42.3352748,-71.0455903,,,
42.348545,-71.077314,,,
42.3606281,-71.0566475,,,
42.284619,-71.0457616,,,
N/A,N/A,,,
42.3212977,-71.0720406,,,
42.3597816,-71.0546969,,,
42.348624,-71.075972,,,
42.2800143,-71.1581916,,,
42.339039,-71.1064192,,,
42.3552826,-71.0568423,,,
42.3426393,-71.0746729,,,
42.35302,-71.13052,,,
N/A,N/A,,,
42.3519592,-71.0550268,,,
42.3392748,-71.0799899,,,
42.3439097,-71.0873682,,,
N/A,N/A,,,
42.3593697,-71.0591842,,,
42.34811,-71.08715,,,
42.33225,-71.09994,,,
42.2850213,-71.1186585,,,
42.3519592,-71.0550268,,,
42.3492,-71.16295,,,
42.2556763,-71.1238699,,,
42.253002,-71.1251937,,,
42.377577,-71.06678,,,
42.2853857,-71.1558417,,,
42.3432,-71.08666,,,
42.38126,-71.06301,,,
42.3185324,-71.1120894,,,
42.2950938,-71.0723398,,,
42.3199707,-71.0617998,,,
42.32274,-71.10644,,,
42.35452,-71.13228,,,
42.3202202,-71.06246,,,
42.3359268,-71.1067475,,,
42.35468,-71.05494,,,
42.3555915,-71.061091,,,
42.3479115,-71.0826219,,,
42.3639985,-71.0505785,,,
42.35936,-71.15076,,,
42.3563262,-71.0518761,,,
42.33799,-71.10448,,,
42.3487,-71.15954,,,
42.3531232,-71.057423,,,
42.3362675,-71.150135,,,
42.35693,-71.05399,,,
42.33137,-71.03545,,,
42.2724123,-71.0683399,,,
42.2855289,-71.090709,,,
42.3578773,-71.0706145,,,
42.3155412,-71.0990772,,,
42.3044331,-71.0796029,,,
42.3505556,-71.0628608,,,
42.3581273,-71.0581612,,,
42.3515003,-71.0666406,,,
42.34145,-71.15433,,,
42.3115156,-71.0538207,,,
42.3384032,-71.0669392,,,
42.2675726,-71.1198853,,,
42.3591479,-71.0595041,,,
42.3547,-71.06024,,,
42.32831,-71.08306,,,
42.33841,-71.10685,,,
42.35651,-71.05332,,,
42.35902,-71.0549,,,
42.35362,-71.05824,,,
42.3349796,-71.0335389,,,
42.31281,-71.0574,,,
42.3412475,-71.1465041,,,
42.2378803,-71.1321308,,,
42.3489309,-71.1530989,,,
42.2874544,-71.1502499,,,
42.3378,-71.10908,,,
42.28521,-71.09331,,,
42.352212,-71.0623916,,,
42.28377,-71.09129,,,
42.3224721,-71.1085782,,,
42.3430206,-71.0992295,,,
42.35525,-71.05844,,,
42.3433084,-71.0649447,,,
42.35582,-71.0604,,,
42.3347231,-71.0734886,,,
42.387,-71.0072,,,
42.35449,-71.05422,,,
42.3566577,-71.0565124,,,
42.35116,-71.05667,,,
42.3577063,-71.0629,,,
42.3500214,-71.0559413,,,
42.33666,-71.08563,,,
42.29298,-71.07162,,,
42.3424472,-71.0559659,,,
42.350431,-71.1686209,,,
42.31308,-71.1139,,,
42.27626,-71.13884,,,
42.2578695,-71.1232104,,,
42.2950671,-71.0875388,,,
42.34929,-71.15484,,,
42.30715,-71.08214,,,
42.379336,-71.02807,,,
42.28441,-71.16955,,,
42.37009,-71.03921,,,
42.293937,-71.13618,,,
42.32103,-71.06171,,,
42.34682,-71.0886,,,
42.3300509,-71.0565531,,,
42.296407,-71.157202,,,
42.3530141,-71.1336315,,,
42.25682,-71.12411,,,
42.3754581,-71.0387566,,,
42.33208,-71.07102,,,
42.3388366,-71.0132344,,,
42.2946926,-71.0716796,,,
42.3291401,-71.0850682,,,
42.3128648,-71.1144241,,,
42.35933,-71.05745,,,
42.3164327,-71.0661715,,,
42.3333519,-71.1044205,,,
42.351221,-71.16835,,,
42.3288389,-71.0837,,,
42.3544416,-71.1322623,,,
42.33198,-71.09681,,,
42.3515541,-71.1318901,,,
42.37549,-71.03179,,,
42.281631,-71.133554,,,
42.3339774,-71.1037409,,,
42.3352,-71.04583,,,
42.3154324,-71.0662607,,,
42.349958,-71.1304788,,,
42.3524111,-71.1253295,,,
42.35998,-71.071,,,
42.35526,-71.05802,,,
42.30877,-71.05782,,,
42.349958,-71.1304788,,,
42.36354,-71.05439,,,
42.34678,-71.07061,,,
42.32969,-71.05287,,,
42.2878183,-71.1263991,,,
42.278849,-71.119395,,,
42.3713149,-71.0611325,,,
N/A,N/A,,,
42.3641969,-71.0595212,,,
42.38557,-71.01084,,,
42.34882,-71.08456,,,
42.3112578,-71.0581112,,,
42.31506,-71.09877,,,
42.31935,-71.11154,,,
42.34682,-71.0886,,,
N/A,N/A,,,
42.3551353,-71.0591968,,,
42.29413,-71.13674,,,
42.2864228,-71.1539402,,,
42.2948099,-71.0483386,,,
42.35582,-71.0604,,,
42.2835961,-71.1125142,,,
42.3535117,-71.0567284,,,
42.38249,-71.03909,,,
42.3601998,-71.0547982,,,
42.31547,-71.06127,,,
42.3752642,-71.0544851,,,
42.35291,-71.13293,,,
42.36888,-71.039276,,,
42.3736456,-71.0516994,,,
42.352051,-71.0575851,,,
42.3222256,-71.1097004,,,
42.29912,-71.06032,,,
42.318869,-71.056915,,,
42.3393532,-71.0361291,,,
42.29556,-71.1161,,,
42.3528462,-71.1326188,,,
42.35452,-71.13228,,,
42.283374,-71.05554,,,
42.306542,-71.0664103,,,
42.351662,-71.0609699,,,
42.27545,-71.13894,,,
42.3592226,-71.0553236,,,
N/A,N/A,,,
42.3474706,-71.0625457,,,
42.2845,-71.12559,,,
42.3493179,-71.1540512,,,
42.3013607,-71.0677396,,,
42.2879077,-71.1269975,,,
42.2858506,-71.1283419,,,
42.3540655,-71.0582268,,,
42.338233,-71.0373394,,,
42.3601635,-71.056695,,,
42.3523835,-71.1253001,,,
42.35819,-71.05486,,,
42.2868471,-71.1273607,,,
42.3543267,-71.1322217,,,
42.32153,-71.05659,,,
42.34962,-71.10644,,,
42.3525923,-71.1304708,,,
42.35074,-71.06023,,,
42.37348,-71.03925,,,
42.3088659,-71.0585169,,,
42.3537675,-71.1375784,,,
42.3290799,-71.0835894,,,
42.3642654,-71.0543768,,,
42.341222,-71.087464,,,
42.33676,-71.08545,,,
42.2684,-71.09422,,,
42.3368661,-71.1515527,,,
42.35582,-71.0604,,,
42.360769,-71.070282,,,
42.3514293,-71.0626982,,,
42.3526613,-71.1218371,,,
42.3511146,-71.0755514,,,
42.29712,-71.06048,,,
42.285,-71.06484,,,
42.35141,-71.06013,,,
42.293705,-71.048104,,,
42.28549,-71.091346,,,
42.28383,-71.04613,,,
42.3558308,-71.0604008,,,
N/A,N/A,,,
42.3642,-71.05382,,,
42.336497,-71.149281,,,
42.3861669,-71.0095306,,,
42.358135,-71.053059,,,
42.3127319,-71.0574132,,,
42.3052,-71.05917,,,
42.3419328,-71.0865009,,,
42.2958509,-71.1157398,,,
42.35582,-71.0604,,,
42.37654,-71.065421,,,
42.37014,-71.03916,,,
42.308431,-71.0580311,,,
42.3643071,-71.0596314,,,
42.2723828,-71.0677896,,,
42.3609556,-71.0658598,,,
42.3517174,-71.13146,,,
42.3586503,-71.1548881,,,
42.3123645,-71.1139684,,,
N/A,N/A,,,
42.3464,-71.09903,,,
42.25246,-71.11896,,,
42.3545701,-71.0536798,,,
42.2619,-71.15742,,,
42.3580605,-71.0550797,,,
42.3512263,-71.1684613,,,
42.3293649,-71.0844352,,,
42.3145933,-71.1038156,,,
42.2852135,-71.0646383,,,
42.3509087,-71.1274397,,,
42.35098,-71.06046,,,
42.3524111,-71.1253295,,,
42.3448507,-71.0819588,,,
42.3018637,-71.1085504,,,
42.352524,-71.131742,,,
42.3489648,-71.1541938,,,
42.373853,-71.038885,,,
42.30224,-71.06,,,
42.3363037,-71.0352601,,,
42.350823,-71.0754791,,,
42.35225,-71.132078,,,
42.3557,-71.14817,,,
42.36602,-71.05296,,,
42.36211,-71.06174,,,
42.35843,-71.0545,,,
42.309756,-71.083018,,,
42.2871591,-71.0786207,,,
42.3529869,-71.1337205,,,
42.3651697,-71.0555995,,,
42.35149,-71.06052,,,
42.35922,-71.06557,,,
42.3478002,-71.0629092,,,
42.3410722,-71.0540111,,,
42.2587844,-71.1177414,,,
42.357616,-71.058386,,,
42.2836,-71.05074,,,
42.2775268,-71.0937612,,,
42.3846,-71.00029,,,
42.2998539,-71.0860439,,,
42.29878,-71.06296,,,
42.33941,-71.07974,,,
42.3337391,-71.1052909,,,
42.3515521,-71.060929,,,
42.3568861,-71.0599391,,,
42.356,-71.06214,,,
42.34429,-71.1430407,,,
42.3430206,-71.0992295,,,
42.3518,-71.05988,,,
42.34956,-71.10558,,,
42.32277,-71.10204,,,
42.3600383,-71.0562287,,,
42.26187,-71.15741,,,
42.2907,-71.06272,,,
42.3095918,-71.0822387,,,
42.33152,-71.07035,,,
42.35546,-71.06169,,,
42.2724119,-71.068218,,,
42.35117,-71.06197,,,
42.3217908,-71.0569801,,,
N/A,N/A,,,
42.3436951,-71.0658413,,,
42.33576,-71.05609,,,
42.32087,-71.06091,,,
42.3643296,-71.0629181,,,
42.3546307,-71.150489,,,
42.3001625,-71.1131131,,,
N/A,N/A,,,
42.30583,-71.10785,,,
42.3610031,-71.063928,,,
42.27984,-71.0926,,,
42.34662,-71.08903,,,
42.34195,-71.07587,,,
42.3497843,-71.101644,,,
42.3558706,-71.148916,,,
42.33441,-71.07612,,,
42.35129,-71.06105,,,
42.35489,-71.14476,,,
42.3643621,-71.0596681,,,
42.35075,-71.13098,,,
42.3565503,-71.0693408,,,
42.31175,-71.08108,,,
42.3719668,-71.0388179,,,
42.35157,-71.06502,,,
42.3562052,-71.0609407,,,
42.3664938,-71.1201527,,,
N/A,N/A,,,
42.3351684,-71.0889057,,,
42.3651741,-71.1222271,,,
42.34123,-71.08857,,,
42.32199,-71.10926,,,
42.3410912,-71.146839,,,
42.34711,-71.1044,,,
42.34753,-71.10282,,,
42.34707,-71.10455,,,
42.347621,-71.102269,,,
42.34751,-71.1029,,,
42.3475688,-71.1026649,,,
42.34741,-71.10363,,,
42.3475596,-71.1027373,,,
42.34731,-71.10369,,,
42.34713,-71.10432,,,
42.34747,-71.10305,,,
42.34704,-71.10463,,,
42.3754737,-71.0662884,,,
42.3442627,-71.1430704,,,
42.33818,-71.10648,,,